Tweet_ID,User_ID,User_Follower_Counts,Topic,Targets,Target's Polarity Score,Stance
619203785123098624,2174118859,1143,Donald_Trump,thanks,0.35091269202530384,AGAINST
619203785123098624,2174118859,1143,Donald_Trump,trump,0.35090108774602413,AGAINST
619308383590612992,597865491,599,Donald_Trump,trump,-0.46999447979032993,AGAINST
619308383590612992,597865491,599,Donald_Trump,clinton,-0.4699936527758837,AGAINST
614122429850320896,3045188288,13,Donald_Trump,stupid,-0.8189530484378338,AGAINST
614125122862084096,747289232,1783,Donald_Trump,bs,-0.511538490653038,NONE
614132191816232960,718904023,5034,Donald_Trump,nothing,-0.7112909406423569,NONE
614132191816232960,718904023,5034,Donald_Trump,obamacare,-0.7124697100371122,NONE
614132191816232960,718904023,5034,Donald_Trump,eure,-0.712462903931737,NONE
614132191816232960,718904023,5034,Donald_Trump,terrorism,-0.711292577907443,NONE
614132191816232960,718904023,5034,Donald_Trump,supremecourt,-0.7124785911291838,NONE
614149851211780098,274136152,34603,Donald_Trump,trump,0.5069800242781639,FAVOR
614200126827933696,1574070996,250,Donald_Trump,obama,-0.6561886072158813,FAVOR
614200126827933696,1574070996,250,Donald_Trump,house,-0.6562393680214882,FAVOR
614200126827933696,1574070996,250,Donald_Trump,semst,-0.6579098552465439,FAVOR
614214700562296832,1447960080,448,Donald_Trump,realdonaldtrump,0.3380523584783077,AGAINST
614214700562296832,1447960080,448,Donald_Trump,idiot,-0.9041321063414216,AGAINST
614225736124121088,27944341,3401,Donald_Trump,liberals,-0.5998097583651543,NONE
614225736124121088,27944341,3401,Donald_Trump,war,-0.599806971848011,NONE
614225736124121088,27944341,3401,Donald_Trump,america,-0.5998067855834961,NONE
614256091455713280,2502484436,354,Donald_Trump,work,-0.21536505222320557,NONE
614256091455713280,2502484436,354,Donald_Trump,semst,-0.8417346905916929,NONE
614269228514807808,225196660,368,Donald_Trump,class,-0.9333923179656267,AGAINST
614275924037517312,2412708224,7626,Donald_Trump,transfer,-0.338950514793396,NONE
614275924037517312,2412708224,7626,Donald_Trump,wealth,-0.33895570039749146,NONE
614275924037517312,2412708224,7626,Donald_Trump,government,-0.3389533907175064,NONE
614385847350226944,52242864,423,Donald_Trump,ignorance,-0.28927159309387207,AGAINST
614385847350226944,52242864,423,Donald_Trump,semst,-0.2956816852092743,AGAINST
614427212721311745,28802658,7272,Donald_Trump,attack,-0.36172110959887505,NONE
614427212721311745,28802658,7272,Donald_Trump,company,-0.3617289811372757,NONE
614427212721311745,28802658,7272,Donald_Trump,france,-0.3617194704711437,NONE
614427212721311745,28802658,7272,Donald_Trump,terrorism,-0.36172039806842804,NONE
614427212721311745,28802658,7272,Donald_Trump,beheading,-0.36243390664458275,NONE
614427212721311745,28802658,7272,Donald_Trump,attack,-0.36172110959887505,NONE
614427212721311745,28802658,7272,Donald_Trump,company,-0.3617289811372757,NONE
614427212721311745,28802658,7272,Donald_Trump,ok,-0.36171679198741913,NONE
614427212721311745,28802658,7272,Donald_Trump,violence,-0.3617207556962967,NONE
614432376869904384,543787955,4013,Donald_Trump,bo,-0.3843008428812027,NONE
614432376869904384,543787955,4013,Donald_Trump,isis,-0.3843035101890564,NONE
614435114945277952,2903733490,401,Donald_Trump,tyranny,-0.27264227718114853,NONE
614435114945277952,2903733490,401,Donald_Trump,longer,-0.4645978957414627,NONE
614441281826066433,43958210,340,Donald_Trump,america,-0.6225851848721504,NONE
614441281826066433,43958210,340,Donald_Trump,semst,-0.36702921986579895,NONE
614444800612274177,1309271143,1081,Donald_Trump,america,-0.4623727649450302,NONE
614446808912297984,789569244,2455,Donald_Trump,fight,-0.6506026089191437,NONE
614446808912297984,789569244,2455,Donald_Trump,obamacare,-0.7162706553936005,NONE
614446808912297984,789569244,2455,Donald_Trump,costs,-0.714718297123909,NONE
614446808912297984,789569244,2455,Donald_Trump,millions,-0.7147235348820686,NONE
614451179595018241,35759628,398,Donald_Trump,line,-0.8987693469971418,NONE
614451179595018241,35759628,398,Donald_Trump,right,-0.8987735342234373,NONE
614451179595018241,35759628,398,Donald_Trump,damnation,-0.8994697649031878,NONE
614451179595018241,35759628,398,Donald_Trump,opinion,-0.8987688850611448,NONE
614451179595018241,35759628,398,Donald_Trump,votethemallout,-0.9014164339751005,NONE
614454683525120002,183399458,16699,Donald_Trump,history,-0.20603375881910324,NONE
614454683525120002,183399458,16699,Donald_Trump,heart,-0.20604100078344345,NONE
614454683525120002,183399458,16699,Donald_Trump,person,-0.20604055374860764,NONE
614454683525120002,183399458,16699,Donald_Trump,fires,-0.20603620260953903,NONE
614456734816583680,108155579,13963,Donald_Trump,ff,0.2071264684200287,NONE
614456734816583680,108155579,13963,Donald_Trump,followback,-0.7661058120429516,NONE
614458085134987264,565501978,1679,Donald_Trump,blisstabitha,-0.8016421664506197,NONE
614458085134987264,565501978,1679,Donald_Trump,hell,-0.7941388674080372,NONE
614458085134987264,565501978,1679,Donald_Trump,nothing,-0.21516196429729462,NONE
614463697520599040,3207939867,49,Donald_Trump,dorky,0.21248232200741768,NONE
614463697520599040,3207939867,49,Donald_Trump,acct,0.21247462555766106,NONE
614463697520599040,3207939867,49,Donald_Trump,time,0.21074798703193665,NONE
614463697520599040,3207939867,49,Donald_Trump,tom,0.21074725314974785,NONE
614502563455500288,426088240,4555,Donald_Trump,women,0.4146917462348938,NONE
614502563455500288,426088240,4555,Donald_Trump,everything,0.41471080482006073,NONE
614514617344065536,843683052,24,Donald_Trump,enemies,-0.43987612798810005,AGAINST
614514617344065536,843683052,24,Donald_Trump,week,-0.43987736478447914,AGAINST
614524445655347201,1659062558,555,Donald_Trump,impression,-0.4158937335014343,AGAINST
614524445655347201,1659062558,555,Donald_Trump,trump,-0.4158966615796089,AGAINST
614601055905513472,1716228649,150,Donald_Trump,whitehouse,-0.888322165235877,NONE
614601055905513472,1716228649,150,Donald_Trump,colors,-0.8866311768069863,NONE
614609425265852416,270610643,4467,Donald_Trump,court,0.25056368112564087,NONE
614612668410757120,1099962955,2720,Donald_Trump,guys,0.39156515896320343,NONE
614612668410757120,1099962955,2720,Donald_Trump,rock,0.3915688991546631,NONE
614617621317713920,753498337,599,Donald_Trump,liberalism,-0.43329954892396927,NONE
614617621317713920,753498337,599,Donald_Trump,disorder,-0.43329690396785736,NONE
614819669145354242,1428473052,3424,Donald_Trump,job,-0.852876054123044,NONE
614819669145354242,1428473052,3424,Donald_Trump,mess,-0.8528819195926189,NONE
614819761592102912,187547165,13082,Donald_Trump,michellefields,-0.401505209505558,NONE
614819761592102912,187547165,13082,Donald_Trump,thejuanwilliams,-0.4062636885792017,NONE
614819761592102912,187547165,13082,Donald_Trump,statements,-0.4003122579306364,NONE
614822732346200064,1428473052,3424,Donald_Trump,juan,-0.7201946415007114,NONE
614822732346200064,1428473052,3424,Donald_Trump,quo,-0.7201848700642586,NONE
614823132390490113,177584156,207986,Donald_Trump,period,0.2424074187874794,NONE
614824560689463296,177584156,207986,Donald_Trump,ebola,-0.5498477015644312,NONE
614824560689463296,177584156,207986,Donald_Trump,isis,-0.5492298621684313,NONE
614824560689463296,177584156,207986,Donald_Trump,terms,-0.5492224618792534,NONE
614824560689463296,177584156,207986,Donald_Trump,republicans,-0.5492280405014753,NONE
614825832654057474,57461026,1430,Donald_Trump,fatigue,-0.5051627270877361,NONE
614825832654057474,57461026,1430,Donald_Trump,depression,-0.5051607452332973,NONE
614825832654057474,57461026,1430,Donald_Trump,country,-0.5051676705479622,NONE
614826127278780417,530808482,21727,Donald_Trump,case,-0.34226876124739647,NONE
614826127278780417,530808482,21727,Donald_Trump,fatigue,-0.3422669619321823,NONE
614826914058891264,288961609,1911,Donald_Trump,factor,-0.44222136214375496,NONE
614826914058891264,288961609,1911,Donald_Trump,break,-0.4422262664884329,NONE
614826914058891264,288961609,1911,Donald_Trump,portion,0.39521216228604317,NONE
614831337506238464,23795703,3863,Donald_Trump,chucknellis,-0.2564793527126312,NONE
614831337506238464,23795703,3863,Donald_Trump,semst,0.20351123809814453,NONE
614845834170122240,1065869268,282496,Donald_Trump,admin,-0.8554211538285017,NONE
614845834170122240,1065869268,282496,Donald_Trump,evidence,-0.854332122951746,NONE
614918002656411649,304185897,710,Donald_Trump,data,-0.6314485147595406,AGAINST
614918002656411649,304185897,710,Donald_Trump,support,-0.6314571388065815,AGAINST
614918002656411649,304185897,710,Donald_Trump,claims,-0.6314441300928593,AGAINST
614918002656411649,304185897,710,Donald_Trump,mexico,-0.6314577795565128,AGAINST
614918002656411649,304185897,710,Donald_Trump,guys,-0.6314517892897129,AGAINST
614918002656411649,304185897,710,Donald_Trump,drugs,-0.7998276092112064,AGAINST
614918002656411649,304185897,710,Donald_Trump,semst,-0.8053540121763945,AGAINST
614948062989959168,539281570,1405,Donald_Trump,msm,-0.3208493199199438,NONE
614948062989959168,539281570,1405,Donald_Trump,blk,-0.32084375992417336,NONE
614948062989959168,539281570,1405,Donald_Trump,iran,-0.32027986086905,NONE
614974798729383936,30043610,1684,Donald_Trump,realdonaldtrump,-0.3642908036708832,AGAINST
614974798729383936,30043610,1684,Donald_Trump,pistol,-0.3558476194739342,AGAINST
614975266998362112,1210688401,1064,Donald_Trump,record,-0.831417528912425,AGAINST
614975266998362112,1210688401,1064,Donald_Trump,peruvian,-0.8314253631979227,AGAINST
614975266998362112,1210688401,1064,Donald_Trump,semst,-0.8333771079778671,AGAINST
615048604021972992,1511205571,2807,Donald_Trump,cop,-0.7581806238740683,NONE
615048604021972992,1511205571,2807,Donald_Trump,bunch,-0.7581871766597033,NONE
615048604021972992,1511205571,2807,Donald_Trump,riot,-0.7581957001239061,NONE
615048604021972992,1511205571,2807,Donald_Trump,crime,-0.7581879906356335,NONE
615163649187975168,446690057,231,Donald_Trump,lovewins,0.24478881806135178,NONE
615163649187975168,446690057,231,Donald_Trump,rainbow,-0.5421826541423798,NONE
615163649187975168,446690057,231,Donald_Trump,this!!notogaymarriage,-0.5643169581890106,NONE
615228708396273668,28913772,158,Donald_Trump,realdonaldtrump,-0.23894667997956276,FAVOR
615228708396273668,28913772,158,Donald_Trump,truth,-0.23124683648347855,FAVOR
615249998649790464,235791649,28339,Donald_Trump,time,-0.30813848227262497,NONE
615249998649790464,235791649,28339,Donald_Trump,texas,-0.3081379681825638,NONE
615249998649790464,235791649,28339,Donald_Trump,oklahoma,-0.30812734365463257,NONE
615249998649790464,235791649,28339,Donald_Trump,divorce,-0.3081144094467163,NONE
615249998649790464,235791649,28339,Donald_Trump,states,-0.3081109970808029,NONE
615249998649790464,235791649,28339,Donald_Trump,america,-0.3081193342804909,NONE
615254521199996928,2762876709,977,Donald_Trump,forq2,-0.90117699932307,FAVOR
615254521199996928,2762876709,977,Donald_Trump,realdonaldtrump,-0.9035475966520607,FAVOR
615254521199996928,2762876709,977,Donald_Trump,politicians,-0.8988103596493602,FAVOR
615277244802437120,97254875,5959,Donald_Trump,course,0.46367111802101135,NONE
615277244802437120,97254875,5959,Donald_Trump,god,0.46366504579782486,NONE
615277244802437120,97254875,5959,Donald_Trump,america,0.463670015335083,NONE
615289896656179201,2447898228,490,Donald_Trump,todays,-0.4389027878642082,NONE
615289896656179201,2447898228,490,Donald_Trump,america,-0.4360967092216015,NONE
615289896656179201,2447898228,490,Donald_Trump,honesty,-0.4360768049955368,NONE
615289896656179201,2447898228,490,Donald_Trump,bigot,-0.43884895369410515,NONE
615299082014302208,335915054,586,Donald_Trump,matter,-0.2699630931019783,NONE
615299082014302208,335915054,586,Donald_Trump,politicians,-0.26996563374996185,NONE
615299082014302208,335915054,586,Donald_Trump,time,-0.26996783167123795,NONE
615308127794147328,487984707,685,Donald_Trump,class,0.2052747644484043,AGAINST
615308127794147328,487984707,685,Donald_Trump,something,0.20527850836515427,AGAINST
615356480028446720,177584156,207986,Donald_Trump,reminder,0.27786587178707123,NONE
615356480028446720,177584156,207986,Donald_Trump,democrats,-0.3079383336007595,NONE
615356480028446720,177584156,207986,Donald_Trump,f,-0.39220378175377846,NONE
615356480028446720,177584156,207986,Donald_Trump,medicaid,-0.30850454419851303,NONE
615356480028446720,177584156,207986,Donald_Trump,obamacare,-0.30822453275322914,NONE
615371482550538240,28707625,733,Donald_Trump,foot,-0.29077887535095215,NONE
615478553195319296,28913772,158,Donald_Trump,train,0.5641849357634783,FAVOR
615478553195319296,28913772,158,Donald_Trump,steam,0.5641855504363775,FAVOR
615500092435525632,3332543943,12239,Donald_Trump,hell,0.4797261245548725,FAVOR
615500092435525632,3332543943,12239,Donald_Trump,uk,0.47972919419407845,FAVOR
615500092435525632,3332543943,12239,Donald_Trump,realdonaldtrump,0.49356176145374775,FAVOR
615500092435525632,3332543943,12239,Donald_Trump,semst,0.4866499174386263,FAVOR
615529599422857216,128947880,277,Donald_Trump,fugitive,-0.2047760672867298,NONE
615529599422857216,128947880,277,Donald_Trump,officer,-0.20477509498596191,NONE
615529599422857216,128947880,277,Donald_Trump,rioting,-0.4860331416130066,NONE
615529599422857216,128947880,277,Donald_Trump,dismissal,-0.21982405334711075,NONE
615538801251852288,80605638,142,Donald_Trump,chicago,0.7003893069922924,NONE
615538801251852288,80605638,142,Donald_Trump,city,0.7003878578543663,NONE
615538801251852288,80605638,142,Donald_Trump,time,0.6436934098601341,NONE
615538801251852288,80605638,142,Donald_Trump,building,0.6436908636242151,NONE
615555893594226688,2830642691,4308,Donald_Trump,greece,-0.6935993116348982,NONE
615555893594226688,2830642691,4308,Donald_Trump,disaster,-0.6936080828309059,NONE
615555893594226688,2830642691,4308,Donald_Trump,socialism,-0.6936044655740261,NONE
615555893594226688,2830642691,4308,Donald_Trump,world,-0.6936016492545605,NONE
615555893594226688,2830642691,4308,Donald_Trump,borders,-0.6935971863567829,NONE
615575005766778880,16313440,441,Donald_Trump,country,-0.7545188777148724,NONE
615575005766778880,16313440,441,Donald_Trump,victories,-0.7545106187462807,NONE
615580975364378624,107801651,670,Donald_Trump,marines,-0.6021226793527603,NONE
615580975364378624,107801651,670,Donald_Trump,ships,-0.6021240204572678,NONE
615580975364378624,107801651,670,Donald_Trump,everything,-0.6021343991160393,NONE
615580975364378624,107801651,670,Donald_Trump,america,-0.6021303534507751,NONE
615580975364378624,107801651,670,Donald_Trump,end,-0.6021300181746483,NONE
615581584729710593,16313440,441,Donald_Trump,cabinet,-0.5852001123130322,NONE
615581584729710593,16313440,441,Donald_Trump,apprentice,-0.5851975120604038,NONE
615583517351608324,196292489,15225,Donald_Trump,alancolmes,-0.8303846195340157,NONE
615583517351608324,196292489,15225,Donald_Trump,money,-0.8284247908741236,NONE
615591194068824064,23775246,734,Donald_Trump,matter,-0.3040798678994179,NONE
615591194068824064,23775246,734,Donald_Trump,time,-0.3041033297777176,NONE
615595059015127040,38900178,30,Donald_Trump,realdonaldtrump,-0.9422594117932022,AGAINST
615595059015127040,38900178,30,Donald_Trump,idiot,-0.9351262850686908,AGAINST
615595059015127040,38900178,30,Donald_Trump,something,-0.4439578428864479,AGAINST
615595059015127040,38900178,30,Donald_Trump,hell,-0.44395268708467484,AGAINST
615601073387110400,213800459,340,Donald_Trump,forpresidentoftheclubofidiots,0.7129137106239796,AGAINST
615608025810743296,1616820708,991,Donald_Trump,anybody,-0.7214230764657259,AGAINST
615608025810743296,1616820708,991,Donald_Trump,fool,-0.7214333042502403,AGAINST
615610670655111168,48240104,2354,Donald_Trump,leader,0.7487658858299255,FAVOR
615610670655111168,48240104,2354,Donald_Trump,president,0.7487648017704487,FAVOR
615622018055151616,92643660,2842,Donald_Trump,kudos,-0.26717519015073776,FAVOR
615622018055151616,92643660,2842,Donald_Trump,trump,-0.26739510893821716,FAVOR
615622018055151616,92643660,2842,Donald_Trump,nbc,-0.26738282665610313,FAVOR
615622018055151616,92643660,2842,Donald_Trump,media,-0.7002740427851677,FAVOR
615622018055151616,92643660,2842,Donald_Trump,gops,-0.7011738009750843,FAVOR
615622018055151616,92643660,2842,Donald_Trump,anything,-0.7002718150615692,FAVOR
615624522541076481,794276665,752,Donald_Trump,problems,-0.8132046218961477,FAVOR
615624522541076481,794276665,752,Donald_Trump,politics,-0.8132101949304342,FAVOR
615624522541076481,794276665,752,Donald_Trump,disgrace,-0.8132090345025063,FAVOR
615624522541076481,794276665,752,Donald_Trump,government,-0.8132072128355503,FAVOR
615626621760880640,145740792,82,Donald_Trump,donaldtrump,-0.5561988949775696,AGAINST
615626621760880640,145740792,82,Donald_Trump,rapists,-0.5544233024120331,AGAINST
615626621760880640,145740792,82,Donald_Trump,idiotnation,-0.6739742532372475,AGAINST
615626621760880640,145740792,82,Donald_Trump,semst,-0.6778696402907372,AGAINST
615633550042206208,1202310276,133,Donald_Trump,geraldo,-0.9465169850736856,NONE
615633550042206208,1202310276,133,Donald_Trump,ass,-0.9460738226771355,NONE
615633550042206208,1202310276,133,Donald_Trump,bs,-0.9460658300668001,NONE
615633550042206208,1202310276,133,Donald_Trump,semst,-0.946957666426897,NONE
615634604289093636,1250393527,130,Donald_Trump,beauties,-0.43151358142495155,AGAINST
615634604289093636,1250393527,130,Donald_Trump,youlose,-0.7446574047207832,AGAINST
615634604289093636,1250393527,130,Donald_Trump,semst,-0.7446589507162571,AGAINST
615636234208043008,205367013,282,Donald_Trump,trump,-0.75452427752316,AGAINST
615636234208043008,205367013,282,Donald_Trump,boot,-0.7544995155185461,AGAINST
615636234208043008,205367013,282,Donald_Trump,nbc,-0.7544779311865568,AGAINST
615636234208043008,205367013,282,Donald_Trump,rapists,-0.7551194224506617,AGAINST
615636234208043008,205367013,282,Donald_Trump,murderers,-0.7545051798224449,AGAINST
615636234208043008,205367013,282,Donald_Trump,donnie,-0.3266856446862221,AGAINST
615636234208043008,205367013,282,Donald_Trump,wife,-0.3266793042421341,AGAINST
615648420661866496,262052102,9505,Donald_Trump,hell,-0.5429943427443504,NONE
615648420661866496,262052102,9505,Donald_Trump,semst,-0.5475107654929161,NONE
615650917656834050,2342293747,32,Donald_Trump,semst,-0.2301216423511505,AGAINST
615651448437796865,44565886,361,Donald_Trump,trump,-0.47777586430311203,AGAINST
615651448437796865,44565886,361,Donald_Trump,need,-0.4777778796851635,AGAINST
615651448437796865,44565886,361,Donald_Trump,communicator,-0.4766707569360733,AGAINST
615675811614449664,2842797465,75,Donald_Trump,holy,-0.9151111859828234,AGAINST
615675811614449664,2842797465,75,Donald_Trump,realdonaldtrump,-0.9205378200858831,AGAINST
615675811614449664,2842797465,75,Donald_Trump,fucker,-0.9164915252476931,AGAINST
615675811614449664,2842797465,75,Donald_Trump,hell,-0.6502633132040501,AGAINST
615675811614449664,2842797465,75,Donald_Trump,debate,-0.6502448320388794,AGAINST
615676741961396225,3255718752,9,Donald_Trump,attention,-0.24017330259084702,NONE
615676741961396225,3255718752,9,Donald_Trump,threat,-0.24016891792416573,NONE
615676741961396225,3255718752,9,Donald_Trump,democracy,-0.24017499759793282,NONE
615676741961396225,3255718752,9,Donald_Trump,semst,-0.24032893404364586,NONE
615690729998950405,609244293,57492,Donald_Trump,senatorkitchen,-0.5178660228848457,AGAINST
615690729998950405,609244293,57492,Donald_Trump,comments,-0.5151845701038837,AGAINST
615694199040507904,380145388,257,Donald_Trump,california,-0.3383684456348419,NONE
615694199040507904,380145388,257,Donald_Trump,myth,-0.33836183324456215,NONE
615694199040507904,380145388,257,Donald_Trump,government,-0.33836330100893974,NONE
615702839441100800,81582751,5669,Donald_Trump,ginnyquaglia,-0.8121476415544748,NONE
615702839441100800,81582751,5669,Donald_Trump,rest,-0.8087664525955915,NONE
615702839441100800,81582751,5669,Donald_Trump,majority,-0.8087606765329838,NONE
615702839441100800,81582751,5669,Donald_Trump,asses,-0.8099061027169228,NONE
615702839441100800,81582751,5669,Donald_Trump,fight,-0.8087657280266285,NONE
615710663214698497,24810726,71,Donald_Trump,example,0.27774249389767647,AGAINST
615710663214698497,24810726,71,Donald_Trump,someone,0.2777434289455414,AGAINST
615710663214698497,24810726,71,Donald_Trump,reality,0.27775054052472115,AGAINST
615716968927092737,2869158160,24,Donald_Trump,thing,-0.41056910902261734,NONE
615716968927092737,2869158160,24,Donald_Trump,house,-0.41057783365249634,NONE
615726751512199168,364324850,20,Donald_Trump,gigs,-0.6682649180293083,AGAINST
615726751512199168,364324850,20,Donald_Trump,attention,-0.6682648882269859,AGAINST
615726751512199168,364324850,20,Donald_Trump,controversy,-0.6682626195251942,AGAINST
615726751512199168,364324850,20,Donald_Trump,semst,-0.671156257390976,AGAINST
615743267360112640,954124423,270305,Donald_Trump,sharialaw,-0.5058355666697025,NONE
615743267360112640,954124423,270305,Donald_Trump,licenses,-0.502936813980341,NONE
615743267360112640,954124423,270305,Donald_Trump,death,-0.5029564537107944,NONE
615743818818674688,2933932956,294,Donald_Trump,stroke,0.2196892350912094,NONE
615743818818674688,2933932956,294,Donald_Trump,mil,0.45908183604478836,NONE
615743818818674688,2933932956,294,Donald_Trump,life,0.4590916186571121,NONE
615743860870914048,1697810262,331,Donald_Trump,nothing,-0.6281079947948456,FAVOR
615743860870914048,1697810262,331,Donald_Trump,crap,-0.628090463578701,FAVOR
615761578328064000,33831682,125,Donald_Trump,foxnation,-0.22882479429244995,NONE
615761578328064000,33831682,125,Donald_Trump,lips,-0.22822067141532898,NONE
615761578328064000,33831682,125,Donald_Trump,nuts,-0.22820483893156052,NONE
615761578328064000,33831682,125,Donald_Trump,peoples,-0.22821611166000366,NONE
615761578328064000,33831682,125,Donald_Trump,life,-0.22824674099683762,NONE
615771155199201280,56838981,4356,Donald_Trump,bho,0.4299280494451523,NONE
615771155199201280,56838981,4356,Donald_Trump,country,0.4269397035241127,NONE
615771155199201280,56838981,4356,Donald_Trump,life,0.42693648859858513,NONE
615789000746385410,1512066462,3,Donald_Trump,greece,-0.31043267250061035,NONE
615789000746385410,1512066462,3,Donald_Trump,pound,-0.3104313313961029,NONE
615794334877642752,25552501,577,Donald_Trump,title,-0.38660935312509537,AGAINST
615794334877642752,25552501,577,Donald_Trump,hispanics,-0.3875516355037689,AGAINST
615846536120004608,26517251,4195,Donald_Trump,donald,-0.25175510346889496,FAVOR
615846536120004608,26517251,4195,Donald_Trump,r,-0.2517452761530876,FAVOR
615846536120004608,26517251,4195,Donald_Trump,correct,-0.25174912065267563,FAVOR
615846536120004608,26517251,4195,Donald_Trump,coruse,-0.2546331211924553,FAVOR
615846536120004608,26517251,4195,Donald_Trump,gop,-0.2531959265470505,FAVOR
615846536120004608,26517251,4195,Donald_Trump,vote,-0.2517547234892845,FAVOR
615870064835825664,946265065,232,Donald_Trump,noodles,-0.4386741667985916,AGAINST
615870064835825664,946265065,232,Donald_Trump,head,-0.4386623650789261,AGAINST
615873345385422848,2831074471,4,Donald_Trump,piata,-0.2603251710534096,AGAINST
615873345385422848,2831074471,4,Donald_Trump,puppet,-0.2568467929959297,AGAINST
615877374966546432,292684762,2633,Donald_Trump,christie,-0.4944668784737587,AGAINST
615913816153427968,144041038,36,Donald_Trump,mexicans,-0.6435539424419403,AGAINST
615913816153427968,144041038,36,Donald_Trump,workers,-0.6424002312123775,AGAINST
615989452272439296,18774342,11694,Donald_Trump,hate,-0.6383398547768593,AGAINST
615989452272439296,18774342,11694,Donald_Trump,america,-0.6383308656513691,AGAINST
615989452272439296,18774342,11694,Donald_Trump,semst,-0.2658195048570633,AGAINST
616005581497761792,3242788349,8,Donald_Trump,ask,-0.8891585874371231,AGAINST
616005581497761792,3242788349,8,Donald_Trump,gibson,-0.8891710075549781,AGAINST
616005581497761792,3242788349,8,Donald_Trump,piece,-0.8891611830331385,AGAINST
616005581497761792,3242788349,8,Donald_Trump,shit,-0.8891936186701059,AGAINST
616013481217622016,2277834518,417,Donald_Trump,politics,-0.22041351348161697,AGAINST
616013481217622016,2277834518,417,Donald_Trump,farce,-0.22353296726942062,AGAINST
616013481217622016,2277834518,417,Donald_Trump,politics,-0.37573446705937386,AGAINST
616015229042982912,355258993,934,Donald_Trump,speechifying,-0.5005827508866787,AGAINST
616015229042982912,355258993,934,Donald_Trump,nonsense,-0.4985988847911358,AGAINST
616015229042982912,355258993,934,Donald_Trump,semst,0.20733104646205902,AGAINST
616040997038878720,196292489,15225,Donald_Trump,omg,0.21981749683618546,AGAINST
616040997038878720,196292489,15225,Donald_Trump,kirstenpowers,0.22869758307933807,AGAINST
616040997038878720,196292489,15225,Donald_Trump,whites,-0.7883004359900951,AGAINST
616040997038878720,196292489,15225,Donald_Trump,blacks,-0.7883011661469936,AGAINST
616040997038878720,196292489,15225,Donald_Trump,whites,-0.7883004359900951,AGAINST
616040997038878720,196292489,15225,Donald_Trump,blacks,-0.7883011661469936,AGAINST
616054774522318849,49671976,1279,Donald_Trump,kellyfile,0.21596591174602509,AGAINST
616054774522318849,49671976,1279,Donald_Trump,days,0.21365097165107727,AGAINST
616054774522318849,49671976,1279,Donald_Trump,scotus,0.21596918255090714,AGAINST
616054774522318849,49671976,1279,Donald_Trump,constitution,0.21364901959896088,AGAINST
616057685906190336,1414240405,2,Donald_Trump,chrisleychase,0.2415214404463768,AGAINST
616057685906190336,1414240405,2,Donald_Trump,nephew,0.3595886863768101,AGAINST
616101117764632576,2932155582,205,Donald_Trump,family,-0.7635893151164055,AGAINST
616101117764632576,2932155582,205,Donald_Trump,moment,-0.6181354038417339,AGAINST
616101837641547776,515728731,12967,Donald_Trump,johnkerry,-0.5488851573318243,AGAINST
616101837641547776,515728731,12967,Donald_Trump,pic,-0.5474330596625805,AGAINST
616101837641547776,515728731,12967,Donald_Trump,williams,-0.5474400967359543,AGAINST
616101837641547776,515728731,12967,Donald_Trump,desk,-0.5474261417984962,AGAINST
616101837641547776,515728731,12967,Donald_Trump,eyes,0.6456928439438343,AGAINST
616101837641547776,515728731,12967,Donald_Trump,eyes,0.6456928439438343,AGAINST
616172285397962752,126410996,1436,Donald_Trump,trump,-0.7979325857013464,AGAINST
616172285397962752,126410996,1436,Donald_Trump,billionaire,-0.7979438323527575,AGAINST
616189656481275904,103707227,318,Donald_Trump,country,0.7624123282730579,AGAINST
616227979140694016,1065869268,282496,Donald_Trump,wethepeople,-0.44550518319010735,AGAINST
616227979140694016,1065869268,282496,Donald_Trump,liar,-0.5616829060018063,AGAINST
616227979140694016,1065869268,282496,Donald_Trump,semst,-0.5682431254535913,AGAINST
616244375052402689,36864149,4028,Donald_Trump,conservatives,-0.37898600473999977,AGAINST
616244375052402689,36864149,4028,Donald_Trump,candidate,-0.3789862170815468,AGAINST
616244375052402689,36864149,4028,Donald_Trump,makeup,-0.3789796754717827,AGAINST
616244375052402689,36864149,4028,Donald_Trump,conservatives,-0.8848068444058299,AGAINST
616244375052402689,36864149,4028,Donald_Trump,semst,-0.8884927956387401,AGAINST
616248368755425280,946406934,11349,Donald_Trump,candidate,0.5794175304472446,AGAINST
616259878999490561,24176655,410,Donald_Trump,week,-0.34421344101428986,AGAINST
616259878999490561,24176655,410,Donald_Trump,semst,-0.348938949406147,AGAINST
616270052703227905,224333112,3318,Donald_Trump,hell,-0.7707988508045673,AGAINST
616276963725021184,117010608,12399,Donald_Trump,comments,-0.7597379256039858,AGAINST
616276963725021184,117010608,12399,Donald_Trump,thanks,0.5982436165213585,AGAINST
616278151358885888,567649661,430,Donald_Trump,semst,-0.2782523185014725,AGAINST
616278953226072065,87878811,72,Donald_Trump,asstards,-0.8558356538414955,AGAINST
616278953226072065,87878811,72,Donald_Trump,america,-0.8172288127243519,AGAINST
616278953226072065,87878811,72,Donald_Trump,trumps,-0.9172708466649055,AGAINST
616278953226072065,87878811,72,Donald_Trump,dicks,-0.9172743801027536,AGAINST
616278953226072065,87878811,72,Donald_Trump,dirt,-0.9158331854268909,AGAINST
616280378307964928,39106123,901,Donald_Trump,lrihendry,-0.4984791427850723,AGAINST
616280378307964928,39106123,901,Donald_Trump,semst,-0.4942259192466736,AGAINST
616287006553800704,177846348,134,Donald_Trump,store,0.7614465379156172,AGAINST
616294945054289921,19363152,583,Donald_Trump,time,0.5398258976638317,AGAINST
616294945054289921,19363152,583,Donald_Trump,department,0.5398255549371243,AGAINST
616298632069820416,22303562,2714,Donald_Trump,judgembro,0.20158091187477112,AGAINST
616308752120201216,41789292,164625,Donald_Trump,anyone,-0.47470563277602196,AGAINST
616308752120201216,41789292,164625,Donald_Trump,ties,-0.47470620833337307,AGAINST
616308752120201216,41789292,164625,Donald_Trump,graham,-0.4747089296579361,AGAINST
616308752120201216,41789292,164625,Donald_Trump,iranians,-0.47554197907447815,AGAINST
616316511108501504,59380474,1765,Donald_Trump,constitution,-0.7621244518086314,AGAINST
616316511108501504,59380474,1765,Donald_Trump,attack,-0.7621240960434079,AGAINST
616316511108501504,59380474,1765,Donald_Trump,administration,-0.7621245700865984,AGAINST
616321426123919360,305440110,293,Donald_Trump,president,0.40518590062856674,AGAINST
616353712320212992,1407822289,90865,Donald_Trump,macys,-0.800620649009943,AGAINST
616353712320212992,1407822289,90865,Donald_Trump,fireworks,-0.7984531484544277,AGAINST
616353712320212992,1407822289,90865,Donald_Trump,parade,-0.8198175989091396,AGAINST
616353712320212992,1407822289,90865,Donald_Trump,nbc,-0.8215737603604794,AGAINST
616353712320212992,1407822289,90865,Donald_Trump,univision,-0.8127094209194183,AGAINST
616353712320212992,1407822289,90865,Donald_Trump,mexico,-0.7542227804660797,AGAINST
616368910946820096,1170778068,920,Donald_Trump,dude,-0.44564612209796906,AGAINST
616384421478842368,2737178169,1253,Donald_Trump,illegals,-0.7200825940817595,AGAINST
616384421478842368,2737178169,1253,Donald_Trump,obama,-0.7193929050117731,AGAINST
616389826980487168,1613729870,338,Donald_Trump,thing,-0.26602867245674133,AGAINST
616389826980487168,1613729870,338,Donald_Trump,liberals,-0.24562450498342514,AGAINST
616389826980487168,1613729870,338,Donald_Trump,reason,-0.24561473727226257,AGAINST
616389826980487168,1613729870,338,Donald_Trump,issue,-0.24562256038188934,AGAINST
616391600122433536,177584156,207986,Donald_Trump,criminals,-0.3226504772901535,AGAINST
616391600122433536,177584156,207986,Donald_Trump,sentences,-0.32264789193868637,AGAINST
616391600122433536,177584156,207986,Donald_Trump,jails,-0.323238268494606,AGAINST
616391600122433536,177584156,207986,Donald_Trump,order,-0.32265087217092514,AGAINST
616391600122433536,177584156,207986,Donald_Trump,semst,-0.32381774485111237,AGAINST
616402129176014848,3103901558,652,Donald_Trump,disgrace,-0.7791251167654991,AGAINST
616402129176014848,3103901558,652,Donald_Trump,crap,-0.7119938805699348,AGAINST
616406568855306241,23135963,41,Donald_Trump,speak,-0.21517804265022278,AGAINST
616409730139992064,1601491392,3656,Donald_Trump,country,-0.6490748040378094,AGAINST
616412891369988096,28387976,1276,Donald_Trump,deviants,-0.6295719183981419,AGAINST
616412891369988096,28387976,1276,Donald_Trump,obama,-0.6286229267716408,AGAINST
616415155685994496,704306828,6361,Donald_Trump,dillards,0.210332453250885,AGAINST
616425720676397056,289107079,10,Donald_Trump,someones,-0.3901027515530586,AGAINST
616425720676397056,289107079,10,Donald_Trump,raping,-0.39009610563516617,AGAINST
616425720676397056,289107079,10,Donald_Trump,one,-0.27660662680864334,AGAINST
616425720676397056,289107079,10,Donald_Trump,raping,-0.27816542237997055,AGAINST
616431113414643712,34955929,4289,Donald_Trump,contender,0.2912679389119148,AGAINST
616431113414643712,34955929,4289,Donald_Trump,president,0.2912793606519699,AGAINST
616432761361072128,30980826,1144,Donald_Trump,someine,0.375431664288044,AGAINST
616432761361072128,30980826,1144,Donald_Trump,country,0.37271521240472794,AGAINST
616432761361072128,30980826,1144,Donald_Trump,life,0.37271416187286377,AGAINST
616433466876497920,865780110,42,Donald_Trump,truth,-0.24992670118808746,AGAINST
616433466876497920,865780110,42,Donald_Trump,spin,-0.20141470432281494,AGAINST
616433825913139200,43962567,914,Donald_Trump,party,0.3515175096690655,AGAINST
616436348615065600,333675022,12031,Donald_Trump,bush,-0.788355240598321,AGAINST
616436348615065600,333675022,12031,Donald_Trump,pride,-0.5394676476716995,AGAINST
616436348615065600,333675022,12031,Donald_Trump,balls,-0.5394734255969524,AGAINST
616439587834097665,167887227,163,Donald_Trump,face,-0.855224053375423,AGAINST
616439587834097665,167887227,163,Donald_Trump,racism,-0.8552265735343099,AGAINST
616446814665883648,357625948,619,Donald_Trump,thing,0.28420283645391464,AGAINST
616446814665883648,357625948,619,Donald_Trump,party,0.2842114418745041,AGAINST
616446814665883648,357625948,619,Donald_Trump,party,0.2842114418745041,AGAINST
616454821684473856,25794695,845,Donald_Trump,beliefs,-0.6022788714617491,AGAINST
616454821684473856,25794695,845,Donald_Trump,opinions,-0.6022724620997906,AGAINST
616454821684473856,25794695,845,Donald_Trump,trump,0.21696322411298752,AGAINST
616454821684473856,25794695,845,Donald_Trump,semst,0.22773956507444382,AGAINST
616491187202039808,1701231847,3110,Donald_Trump,macys,-0.3443668894469738,AGAINST
616491187202039808,1701231847,3110,Donald_Trump,trump,-0.3409176543354988,AGAINST
616491187202039808,1701231847,3110,Donald_Trump,store,0.22200822830200195,AGAINST
616491187202039808,1701231847,3110,Donald_Trump,lot,0.22201960533857346,AGAINST
616491187202039808,1701231847,3110,Donald_Trump,anymore,-0.23137961328029633,AGAINST
616491187202039808,1701231847,3110,Donald_Trump,semst,-0.24054306745529175,AGAINST
616492142672769024,3063840061,38,Donald_Trump,clown,-0.6860239692032337,AGAINST
616492142672769024,3063840061,38,Donald_Trump,youcantdoit,-0.6935632266104221,AGAINST
616580099920560129,503415447,191,Donald_Trump,manager,-0.200390737503767,AGAINST
616580099920560129,503415447,191,Donald_Trump,stuff,-0.2003795988857746,AGAINST
616610048698093568,3352331979,34,Donald_Trump,hoobastank,-0.7089491710066795,AGAINST
616610048698093568,3352331979,34,Donald_Trump,christ,-0.6910158172249794,AGAINST
616610048698093568,3352331979,34,Donald_Trump,semst,-0.8664756640791893,AGAINST
616624437388005376,16579411,478,Donald_Trump,truth,-0.39202210679650307,AGAINST
616624437388005376,16579411,478,Donald_Trump,country,-0.49362366273999214,AGAINST
616631050094149632,1694600448,5932,Donald_Trump,merchandise,0.21706708148121834,AGAINST
616631050094149632,1694600448,5932,Donald_Trump,china,0.21707218885421753,AGAINST
616688424641261568,981858932,11702,Donald_Trump,traitors,-0.7269343547523022,NONE
616688424641261568,981858932,11702,Donald_Trump,traitors,-0.7269343547523022,NONE
616688424641261568,981858932,11702,Donald_Trump,semst,-0.7285739351063967,NONE
616689001773277185,16077441,1556,Donald_Trump,conflict,-0.2586461305618286,FAVOR
616689001773277185,16077441,1556,Donald_Trump,vehicle,-0.25864721834659576,FAVOR
616689001773277185,16077441,1556,Donald_Trump,change,-0.25864874571561813,FAVOR
616689001773277185,16077441,1556,Donald_Trump,semst,0.2235478311777115,FAVOR
616693399148740608,19519035,16573,Donald_Trump,ballz,0.22909124195575714,FAVOR
616693399148740608,19519035,16573,Donald_Trump,semst,0.23079504817724228,FAVOR
616693624076537856,3128121228,17,Donald_Trump,sponsors,0.20262068510055542,FAVOR
616693624076537856,3128121228,17,Donald_Trump,voice,0.5573021769523621,FAVOR
616699882162683904,75011877,206,Donald_Trump,end,-0.8346892669796944,AGAINST
616699882162683904,75011877,206,Donald_Trump,ass,-0.8346837479621172,AGAINST
616718684837380096,2686561322,5678,Donald_Trump,left,-0.39258813112974167,FAVOR
616718684837380096,2686561322,5678,Donald_Trump,executive,-0.3925892412662506,FAVOR
616718684837380096,2686561322,5678,Donald_Trump,hang,-0.3925875872373581,FAVOR
616738321688084480,48009323,457,Donald_Trump,semst,-0.2829466611146927,AGAINST
616740306990538752,453561436,162,Donald_Trump,america,-0.76344083994627,AGAINST
616740306990538752,453561436,162,Donald_Trump,asses,-0.7655815184116364,AGAINST
616740306990538752,453561436,162,Donald_Trump,trump,-0.763454120606184,AGAINST
616740306990538752,453561436,162,Donald_Trump,note,0.2647886984050274,AGAINST
616752169379741697,323896529,79,Donald_Trump,thing,-0.4307817183434963,AGAINST
616752169379741697,323896529,79,Donald_Trump,hitler,-0.4308079928159714,AGAINST
616752169379741697,323896529,79,Donald_Trump,trump,-0.4481261968612671,AGAINST
616752169379741697,323896529,79,Donald_Trump,guy,-0.44810690730810165,AGAINST
616753907516227584,1441743247,178,Donald_Trump,preztrump,0.4864202942699194,FAVOR
616753907516227584,1441743247,178,Donald_Trump,week,0.4743265323340893,FAVOR
616753907516227584,1441743247,178,Donald_Trump,mission,0.47432765178382397,FAVOR
616788406782271488,1323411324,449,Donald_Trump,country,-0.39163585752248764,FAVOR
616788406782271488,1323411324,449,Donald_Trump,president,-0.3916347697377205,FAVOR
616788406782271488,1323411324,449,Donald_Trump,control,-0.39163990318775177,FAVOR
616788406782271488,1323411324,449,Donald_Trump,bs,-0.39163680374622345,FAVOR
616788406782271488,1323411324,449,Donald_Trump,truth,-0.3916349485516548,FAVOR
616801673751699456,534489724,1390,Donald_Trump,business,0.3692335784435272,AGAINST
616908814458179584,753498337,599,Donald_Trump,obama,-0.8645653687417507,NONE
616908814458179584,753498337,599,Donald_Trump,wars,-0.8645628299564123,NONE
616908814458179584,753498337,599,Donald_Trump,lives,-0.8645650371909142,NONE
616930489593675776,74747116,1346,Donald_Trump,nytimes,0.2188124880194664,NONE
616945122819837952,2753891385,1268,Donald_Trump,mexico,-0.7862545363605022,NONE
616945122819837952,2753891385,1268,Donald_Trump,conclusion,-0.6912161633372307,NONE
616945122819837952,2753891385,1268,Donald_Trump,ppl,-0.6935218311846256,NONE
616965563273732097,172098657,361,Donald_Trump,luck,0.5744296498596668,FAVOR
616986616750473218,3000593912,61,Donald_Trump,semst,-0.48489895462989807,NONE
616988429700739072,457123526,3627,Donald_Trump,trump,-0.4295125678181648,FAVOR
616988429700739072,457123526,3627,Donald_Trump,bigot,-0.5013499706983566,FAVOR
616988429700739072,457123526,3627,Donald_Trump,thousands,0.2400694116950035,FAVOR
616988429700739072,457123526,3627,Donald_Trump,millions,0.24006961286067963,FAVOR
616988429700739072,457123526,3627,Donald_Trump,charity,0.24006986618041992,FAVOR
616988429700739072,457123526,3627,Donald_Trump,america,0.2991578131914139,FAVOR
616988429700739072,457123526,3627,Donald_Trump,semst,0.30668237060308456,FAVOR
617007051147902976,294431458,1169,Donald_Trump,gop,0.24099667370319366,FAVOR
617007051147902976,294431458,1169,Donald_Trump,realdonaldtrump,0.25158584862947464,FAVOR
617007051147902976,294431458,1169,Donald_Trump,movement,0.3907581642270088,FAVOR
617016569906925568,1858875583,37,Donald_Trump,scarcity,-0.5400076434016228,NONE
617016569906925568,1858875583,37,Donald_Trump,victims,-0.5139117538928986,NONE
617016569906925568,1858875583,37,Donald_Trump,robbery,-0.513910099864006,NONE
617016569906925568,1858875583,37,Donald_Trump,leaders,-0.5139182284474373,NONE
617026905523507201,1694600448,5932,Donald_Trump,katunews,0.3456970751285553,NONE
617036049911574528,1694600448,5932,Donald_Trump,money,0.20161794126033783,NONE
617049259821535232,29054598,5212,Donald_Trump,candidates,-0.42154354602098465,FAVOR
617087463748546560,68956490,12465,Donald_Trump,victory,0.25578539818525314,FAVOR
617087463748546560,68956490,12465,Donald_Trump,better,-0.5392355024814606,FAVOR
617087463748546560,68956490,12465,Donald_Trump,capitalist,-0.5392581820487976,FAVOR
617087463748546560,68956490,12465,Donald_Trump,president,-0.5392836257815361,FAVOR
617087463748546560,68956490,12465,Donald_Trump,communist,-0.5392542406916618,FAVOR
617105748837957632,2943508337,4,Donald_Trump,left,-0.5389797613024712,AGAINST
617105748837957632,2943508337,4,Donald_Trump,back,-0.5389842540025711,AGAINST
617105748837957632,2943508337,4,Donald_Trump,law,-0.47278935834765434,AGAINST
617105748837957632,2943508337,4,Donald_Trump,anyone,-0.4727867655456066,AGAINST
617105748837957632,2943508337,4,Donald_Trump,border,-0.472784623503685,AGAINST
617108138437791744,3266225124,17,Donald_Trump,part,0.4999207332730293,AGAINST
617108138437791744,3266225124,17,Donald_Trump,platform,0.49992118030786514,AGAINST
617108138437791744,3266225124,17,Donald_Trump,election2016,-0.5438759848475456,AGAINST
617108237293330432,47545018,880,Donald_Trump,trump,0.26550403237342834,AGAINST
617108237293330432,47545018,880,Donald_Trump,ambassador,0.26550525426864624,AGAINST
617108237293330432,47545018,880,Donald_Trump,mexico,0.2654976397752762,AGAINST
617112219877294080,374289688,469,Donald_Trump,reason,-0.20105722919106483,AGAINST
617112219877294080,374289688,469,Donald_Trump,problem,-0.2010592520236969,AGAINST
617112219877294080,374289688,469,Donald_Trump,realdonaldtrump,-0.2050638683140278,AGAINST
617112219877294080,374289688,469,Donald_Trump,truth,-0.2010626718401909,AGAINST
617128331570491392,603741920,200,Donald_Trump,trump,-0.6894599348306656,AGAINST
617128331570491392,603741920,200,Donald_Trump,slavery,-0.6894431822001934,AGAINST
617136766634426368,16570951,612,Donald_Trump,comments,-0.2654885910451412,AGAINST
617136766634426368,16570951,612,Donald_Trump,mexicans,-0.26619119197130203,AGAINST
617136766634426368,16570951,612,Donald_Trump,somebodys,-0.26618291065096855,AGAINST
617136766634426368,16570951,612,Donald_Trump,raping,-0.26617420092225075,AGAINST
617136766634426368,16570951,612,Donald_Trump,claim,-0.6202235147356987,AGAINST
617149675817299968,3292562037,25,Donald_Trump,rapists,-0.8752206768840551,AGAINST
617149675817299968,3292562037,25,Donald_Trump,murderers,-0.8730048248544335,AGAINST
617157901791039488,2402434332,4634,Donald_Trump,tragedy,-0.47027314454317093,AGAINST
617157901791039488,2402434332,4634,Donald_Trump,one,-0.47027750313282013,AGAINST
617299922975633408,143311631,1927,Donald_Trump,disappointment,-0.7961298506706953,AGAINST
617323558952390656,14839147,1155659,Donald_Trump,terrorists,-0.4185403510928154,AGAINST
617326879662542848,388361726,4015,Donald_Trump,rollon,0.29653502255678177,AGAINST
617326934968659968,946406934,11349,Donald_Trump,danaperino,-0.5534001290798187,AGAINST
617326934968659968,946406934,11349,Donald_Trump,minute,-0.5475088730454445,AGAINST
617326934968659968,946406934,11349,Donald_Trump,trump,-0.3984544649720192,AGAINST
617337922585374724,16579411,478,Donald_Trump,courtesy,0.2793094180524349,AGAINST
617337922585374724,16579411,478,Donald_Trump,taayers,0.2969331294298172,AGAINST
617345074653847552,590180745,7591,Donald_Trump,semst,0.2348824366927147,AGAINST
617346531067363328,3264475885,11,Donald_Trump,trump,-0.6456570103764534,AGAINST
617346531067363328,3264475885,11,Donald_Trump,nunavut,-0.647270917892456,AGAINST
617346531067363328,3264475885,11,Donald_Trump,retards,-0.6472743935883045,AGAINST
617358495973830656,260277195,433,Donald_Trump,realdonaldtrump,-0.48313478380441666,AGAINST
617358495973830656,260277195,433,Donald_Trump,haters,-0.47436846792697906,AGAINST
617358517066792962,177584156,207987,Donald_Trump,liberalism,-0.5463939122855663,AGAINST
617358517066792962,177584156,207987,Donald_Trump,politics,-0.5463989041745663,AGAINST
617358517066792962,177584156,207987,Donald_Trump,destruction,-0.5463929884135723,AGAINST
617358517066792962,177584156,207987,Donald_Trump,liberals,-0.6919491738080978,AGAINST
617361530619883520,802659122,12128,Donald_Trump,obama,-0.6074787527322769,AGAINST
617361530619883520,802659122,12128,Donald_Trump,everything,-0.6074873022735119,AGAINST
617361530619883520,802659122,12128,Donald_Trump,prism,-0.6074917390942574,AGAINST
617361530619883520,802659122,12128,Donald_Trump,move,-0.6246054768562317,AGAINST
617361530619883520,802659122,12128,Donald_Trump,nation,-0.6246083453297615,AGAINST
617361530619883520,802659122,12128,Donald_Trump,semst,-0.6289654597640038,AGAINST
617366848263159808,16579411,478,Donald_Trump,shows,-0.28607792034745216,AGAINST
617366848263159808,16579411,478,Donald_Trump,reporters,-0.28606966510415077,AGAINST
617368164268154880,237754267,141,Donald_Trump,trump,-0.5172615274786949,AGAINST
617368164268154880,237754267,141,Donald_Trump,candidate,-0.517209492623806,AGAINST
617387508045746176,2834370990,998,Donald_Trump,party,-0.8858017884194851,AGAINST
617387508045746176,2834370990,998,Donald_Trump,assholes,-0.8881141319870949,AGAINST
617389755198795776,26517251,4195,Donald_Trump,hope,-0.6606565155088902,AGAINST
617389755198795776,26517251,4195,Donald_Trump,sob,-0.6606536991894245,AGAINST
617400118799679492,16071251,289,Donald_Trump,trumps,-0.22335226833820343,AGAINST
617400118799679492,16071251,289,Donald_Trump,immigrants,-0.22198006510734558,AGAINST
617400861627539456,2933545119,34,Donald_Trump,abandons,-0.2251502051949501,AGAINST
617400861627539456,2933545119,34,Donald_Trump,trump,-0.2281334102153778,AGAINST
617440475541147648,178863237,229,Donald_Trump,trump,-0.279465027153492,AGAINST
617440475541147648,178863237,229,Donald_Trump,candidates,-0.27944880723953247,AGAINST
617440475541147648,178863237,229,Donald_Trump,things,-0.8467439878731966,AGAINST
617445988668731392,920161381,8421,Donald_Trump,guy,-0.8557963464409113,AGAINST
617445988668731392,920161381,8421,Donald_Trump,spoon,-0.8557910565286875,AGAINST
617445988668731392,920161381,8421,Donald_Trump,ass,-0.8558025620877743,AGAINST
617445988668731392,920161381,8421,Donald_Trump,work,-0.8557860236614943,AGAINST
617445988668731392,920161381,8421,Donald_Trump,life,-0.8557901121675968,AGAINST
617686448515514368,1299305076,1766,Donald_Trump,gaymarriage,-0.223014734685421,AGAINST
617686448515514368,1299305076,1766,Donald_Trump,law,-0.2215711697936058,AGAINST
617686448515514368,1299305076,1766,Donald_Trump,land,-0.22156859189271927,AGAINST
617686448515514368,1299305076,1766,Donald_Trump,law,-0.2215711697936058,AGAINST
617749362882555904,596857608,5332,Donald_Trump,kinds,-0.9148866478353739,AGAINST
617749362882555904,596857608,5332,Donald_Trump,shit,-0.9148935694247484,AGAINST
617749362882555904,596857608,5332,Donald_Trump,semst,-0.9173579979687929,AGAINST
617749982746181633,129940576,12478,Donald_Trump,puppetmasters,-0.33283090218901634,AGAINST
617749982746181633,129940576,12478,Donald_Trump,wh,-0.3328337334096432,AGAINST
617749982746181633,129940576,12478,Donald_Trump,america,-0.3319748304784298,AGAINST
617758108631236609,863889445,2946,Donald_Trump,reagan,0.27086665481328964,AGAINST
617758108631236609,863889445,2946,Donald_Trump,thing,0.27086805552244186,AGAINST
617780676436234240,66931709,1935,Donald_Trump,welfare,-0.22526022791862488,AGAINST
617795927277993984,14314844,4033,Donald_Trump,yellowstone,-0.7125804023817182,AGAINST
617795927277993984,14314844,4033,Donald_Trump,candidate,-0.7125642895698547,AGAINST
617816578269143040,1292620070,2167,Donald_Trump,correctness,-0.5375321358442307,AGAINST
617816578269143040,1292620070,2167,Donald_Trump,nothing,-0.5343880504369736,AGAINST
617816578269143040,1292620070,2167,Donald_Trump,lie,-0.5343719162046909,AGAINST
617881698659905536,780291397,12666,Donald_Trump,causes,-0.8171260319650173,AGAINST
617881698659905536,780291397,12666,Donald_Trump,girls,-0.8171284515410662,AGAINST
617881698659905536,780291397,12666,Donald_Trump,crossing,-0.8171291034668684,AGAINST
617881698659905536,780291397,12666,Donald_Trump,usa,-0.8171274717897177,AGAINST
617939054647214080,33437088,621,Donald_Trump,republicans,-0.4210573025047779,AGAINST
618093626325794816,863113304,2139,Donald_Trump,sheriffclarke,-0.7607901617884636,NONE
618093626325794816,863113304,2139,Donald_Trump,man,-0.4736693575978279,NONE
618093626325794816,863113304,2139,Donald_Trump,words!hes,-0.48030561953783035,NONE
618093626325794816,863113304,2139,Donald_Trump,folks,-0.4736689031124115,NONE
618099791327809537,2798798158,2105,Donald_Trump,usa,-0.7750697955489159,NONE
618099791327809537,2798798158,2105,Donald_Trump,killary,-0.7764063626527786,NONE
618099791327809537,2798798158,2105,Donald_Trump,prison,-0.7750764675438404,NONE
618120808083292160,258831900,32764,Donald_Trump,liberal,-0.42176680266857147,NONE
618153130014998530,780291397,12666,Donald_Trump,obama,-0.722886711359024,NONE
618153130014998530,780291397,12666,Donald_Trump,isis,-0.7228909581899643,NONE
618153130014998530,780291397,12666,Donald_Trump,jews,-0.7228734903037548,NONE
618153130014998530,780291397,12666,Donald_Trump,muslims,-0.722875390201807,NONE
618153130014998530,780291397,12666,Donald_Trump,moron,-0.783083975315094,NONE
618159472020692992,883367492,262,Donald_Trump,paper,-0.6275083683431149,NONE
618159736790216704,748477502,7118,Donald_Trump,cockroach,-0.7413470316678286,NONE
618159736790216704,748477502,7118,Donald_Trump,others,-0.22734950482845306,NONE
618163924005990400,874834874,107,Donald_Trump,corporations,-0.8295560367405415,FAVOR
618185801281703936,265530743,6058,Donald_Trump,donald,0.2804687414318323,FAVOR
618185801281703936,265530743,6058,Donald_Trump,semst,0.2918505370616913,FAVOR
618186688066646017,61059961,1982,Donald_Trump,number,-0.7156265173107386,NONE
618186688066646017,61059961,1982,Donald_Trump,crimes,-0.7156393211334944,NONE
618186688066646017,61059961,1982,Donald_Trump,aliens,-0.7156442422419786,NONE
618186688066646017,61059961,1982,Donald_Trump,states,-0.7156372778117657,NONE
618186688066646017,61059961,1982,Donald_Trump,zero,-0.7156337536871433,NONE
618190318819786752,265530743,6058,Donald_Trump,trump,-0.2854340001940727,FAVOR
618190318819786752,265530743,6058,Donald_Trump,truth,-0.28542743623256683,FAVOR
618198348877709316,2663115926,3655,Donald_Trump,conclusion,-0.6920039989054203,NONE
618198348877709316,2663115926,3655,Donald_Trump,conservatives,-0.6920036301016808,NONE
618198348877709316,2663115926,3655,Donald_Trump,democrats,-0.6920020170509815,NONE
618231544101015552,87862480,5646,Donald_Trump,repgoodlatte,-0.36299977265298367,NONE
618231544101015552,87862480,5646,Donald_Trump,response,-0.3640155792236328,NONE
618231544101015552,87862480,5646,Donald_Trump,kellyfile,-0.36334180645644665,NONE
618231544101015552,87862480,5646,Donald_Trump,obama,-0.36400628089904785,NONE
618231544101015552,87862480,5646,Donald_Trump,immigrationgop,-0.8122606221586466,NONE
618231544101015552,87862480,5646,Donald_Trump,obama,-0.8102278411388397,NONE
618240744067731457,1045630908,242,Donald_Trump,kidding,-0.21783135831356049,NONE
618249549308657664,766594368,936,Donald_Trump,greece,0.5112841688096523,NONE
618249549308657664,766594368,936,Donald_Trump,future,0.5112723149359226,NONE
618286986491641856,3260830099,6,Donald_Trump,card,0.5286566093564034,FAVOR
618286986491641856,3260830099,6,Donald_Trump,heart,0.5286940447986126,FAVOR
618290699578970112,27665506,7928,Donald_Trump,mr,0.4418994374573231,FAVOR
618294562352553984,938272970,69,Donald_Trump,truth,-0.20156735181808472,NONE
618294562352553984,938272970,69,Donald_Trump,rumor,-0.20157131925225258,NONE
618294562352553984,938272970,69,Donald_Trump,trump,-0.2015698254108429,NONE
618294562352553984,938272970,69,Donald_Trump,mexicans,-0.20192602276802063,NONE
618375776635908096,887569722,3985,Donald_Trump,country,0.24238519370555878,FAVOR
618375776635908096,887569722,3985,Donald_Trump,time,0.5942202284932137,FAVOR
618381746837540864,49360369,312,Donald_Trump,country,-0.29070524126291275,AGAINST
618381746837540864,49360369,312,Donald_Trump,television,-0.29070281982421875,AGAINST
618381746837540864,49360369,312,Donald_Trump,candidacy,-0.29070161283016205,AGAINST
618381746837540864,49360369,312,Donald_Trump,president,-0.29070933908224106,AGAINST
618417628953112576,2657394641,27,Donald_Trump,sanctions,-0.6425987705588341,NONE
618462012520198144,846447662,4547,Donald_Trump,obama,-0.2565975449979305,NONE
618462012520198144,846447662,4547,Donald_Trump,behalf,-0.25660066306591034,NONE
618462012520198144,846447662,4547,Donald_Trump,greece,-0.2565965950489044,NONE
618504016901894144,331994993,576,Donald_Trump,right,-0.3400965929031372,NONE
618504016901894144,331994993,576,Donald_Trump,day,0.7122993934899569,NONE
618506989119799296,15699819,3170,Donald_Trump,wonder,-0.5347468480467796,NONE
618506989119799296,15699819,3170,Donald_Trump,chamber,-0.5449490733444691,NONE
618510231384014848,25299952,86,Donald_Trump,talk,-0.4005446843802929,AGAINST
618510231384014848,25299952,86,Donald_Trump,prop,-0.4005139581859112,AGAINST
618510231384014848,25299952,86,Donald_Trump,gd,-0.6637699902057648,AGAINST
618510231384014848,25299952,86,Donald_Trump,potus,-0.6637978553771973,AGAINST
618519727929991168,29875818,2705,Donald_Trump,version,-0.7180394055321813,NONE
618519727929991168,29875818,2705,Donald_Trump,list,-0.7180407289415598,NONE
618519727929991168,29875818,2705,Donald_Trump,celebrities,-0.718043964356184,NONE
618519727929991168,29875818,2705,Donald_Trump,pauladeen,-0.7205958878621459,NONE
618520051348566016,19799489,7478,Donald_Trump,funds,0.20417241379618645,NONE
618520051348566016,19799489,7478,Donald_Trump,funds,0.20417241379618645,NONE
618523298180153344,590180745,7591,Donald_Trump,congressmen,-0.2706475332379341,NONE
618523298180153344,590180745,7591,Donald_Trump,women,-0.2697647362947464,NONE
618523298180153344,590180745,7591,Donald_Trump,lack,-0.2697647958993912,NONE
618523298180153344,590180745,7591,Donald_Trump,security,-0.2697773948311806,NONE
618523298180153344,590180745,7591,Donald_Trump,country,-0.26976731419563293,NONE
618532522712936452,3244012093,3,Donald_Trump,america,0.22937923669815063,FAVOR
618547664720936960,2216532829,2587,Donald_Trump,stop,-0.9161381386220455,NONE
618547664720936960,2216532829,2587,Donald_Trump,public,-0.916138531640172,NONE
618547664720936960,2216532829,2587,Donald_Trump,day,-0.916142662987113,NONE
618547664720936960,2216532829,2587,Donald_Trump,nothing,-0.9161411253735423,NONE
618547664720936960,2216532829,2587,Donald_Trump,image,-0.9161373786628246,NONE
618547664720936960,2216532829,2587,Donald_Trump,semst,-0.7712909206748009,NONE
618574498464448512,3311276608,187,Donald_Trump,president,0.4485623463988304,FAVOR
618574498464448512,3311276608,187,Donald_Trump,others,0.7377199418842793,FAVOR
618578391537729536,14479480,9691,Donald_Trump,trump,-0.23164454847574234,FAVOR
618578391537729536,14479480,9691,Donald_Trump,president,-0.23164577037096024,FAVOR
618629059078008832,3141654004,73,Donald_Trump,lopez,0.24399632215499878,AGAINST
618629059078008832,3141654004,73,Donald_Trump,racists,-0.6141429506242275,AGAINST
618629059078008832,3141654004,73,Donald_Trump,trump,-0.6128925383090973,AGAINST
618629059078008832,3141654004,73,Donald_Trump,president,-0.6128937937319279,AGAINST
618638076420599808,48100655,57,Donald_Trump,nomination,0.40975844860076904,FAVOR
618638076420599808,48100655,57,Donald_Trump,america,0.3054874315857887,FAVOR
618638076420599808,48100655,57,Donald_Trump,man,0.3054952025413513,FAVOR
618638076420599808,48100655,57,Donald_Trump,backbone,0.30549339205026627,FAVOR
618667105475543040,2421964502,1558,Donald_Trump,nascar,-0.6953923106193542,FAVOR
618667105475543040,2421964502,1558,Donald_Trump,liberals,-0.4661485105752945,FAVOR
618667105475543040,2421964502,1558,Donald_Trump,espn,-0.4661588668823242,FAVOR
618667105475543040,2421964502,1558,Donald_Trump,truth,-0.23011982440948486,FAVOR
618675118810759168,207883890,309,Donald_Trump,dumb,-0.8803584845736623,AGAINST
618733079696244736,1734086719,8183,Donald_Trump,need,0.24041160196065903,FAVOR
618733079696244736,1734086719,8183,Donald_Trump,winner,0.24042028933763504,FAVOR
618733079696244736,1734086719,8183,Donald_Trump,house,0.24041549116373062,FAVOR
618763287505715200,37293223,114,Donald_Trump,line,0.26865578070282936,NONE
618763287505715200,37293223,114,Donald_Trump,innovation,0.26865190267562866,NONE
618763287505715200,37293223,114,Donald_Trump,effrontery,0.2759007550776005,NONE
618763287505715200,37293223,114,Donald_Trump,consequence,0.2686578631401062,NONE
618771479015124992,2213930756,10503,Donald_Trump,companies,-0.2693798094987869,NONE
618785339327418368,417201420,51,Donald_Trump,realdonaldtrump,-0.811275526881218,AGAINST
618785339327418368,417201420,51,Donald_Trump,narcissist,-0.8092307411134243,AGAINST
618785339327418368,417201420,51,Donald_Trump,planet,-0.8029816467314959,AGAINST
618786632511033346,597449483,2231,Donald_Trump,course,0.2908081077039242,FAVOR
618786632511033346,597449483,2231,Donald_Trump,usa,0.4797992892563343,FAVOR
618786632511033346,597449483,2231,Donald_Trump,leadership,0.4797994792461395,FAVOR
618786632511033346,597449483,2231,Donald_Trump,competence,0.47979675978422165,FAVOR
618800540290555904,161272503,3382,Donald_Trump,ppl,-0.8070364501327276,NONE
618800540290555904,161272503,3382,Donald_Trump,bs,-0.8046133350580931,NONE
618800540290555904,161272503,3382,Donald_Trump,plz,0.21685205399990082,NONE
618810933092093952,117454986,3128,Donald_Trump,law,0.4912363812327385,NONE
618811894577496064,2153532458,315,Donald_Trump,nyse,-0.24848303198814392,NONE
618811894577496064,2153532458,315,Donald_Trump,trades,-0.24575673043727875,NONE
618811894577496064,2153532458,315,Donald_Trump,grexit,-0.39370981603860855,NONE
618814148680515584,76924385,1201,Donald_Trump,gift,0.39826951920986176,AGAINST
618817873897652225,24823987,19538,Donald_Trump,heart,0.6876795645803213,FAVOR
618817873897652225,24823987,19538,Donald_Trump,lion,0.6876776944845915,FAVOR
618817873897652225,24823987,19538,Donald_Trump,lets,0.7411676812916994,FAVOR
618817873897652225,24823987,19538,Donald_Trump,america,0.7411701306700706,FAVOR
618818729158119424,621161868,3758,Donald_Trump,yo,-0.3525184169411659,NONE
618818729158119424,621161868,3758,Donald_Trump,nyse,-0.3549523279070854,NONE
618818729158119424,621161868,3758,Donald_Trump,crisis,-0.39836229756474495,NONE
618818729158119424,621161868,3758,Donald_Trump,ya,-0.6962732821702957,NONE
618818729158119424,621161868,3758,Donald_Trump,waste,-0.3335364982485771,NONE
618829300406423552,577309341,9416,Donald_Trump,trump,-0.6936271451413631,FAVOR
618829300406423552,577309341,9416,Donald_Trump,style,-0.6936163324862719,FAVOR
618829300406423552,577309341,9416,Donald_Trump,bigot,-0.6950131338089705,FAVOR
618829300406423552,577309341,9416,Donald_Trump,hypocrites,-0.6977933961898088,FAVOR
618850154850947072,1430129144,28,Donald_Trump,correctness,-0.45926475524902344,FAVOR
618850154850947072,1430129144,28,Donald_Trump,country,-0.45871269702911377,FAVOR
618850154850947072,1430129144,28,Donald_Trump,truth,-0.37608831375837326,FAVOR
618868122704023553,480859386,1257,Donald_Trump,man,-0.2958088740706444,FAVOR
618868122704023553,480859386,1257,Donald_Trump,truth,-0.29580822587013245,FAVOR
618868122704023553,480859386,1257,Donald_Trump,man,-0.2958088740706444,FAVOR
618889366815948801,24294066,862,Donald_Trump,trump,-0.6727252472192049,AGAINST
618889366815948801,24294066,862,Donald_Trump,party,-0.6727289650589228,AGAINST
618889366815948801,24294066,862,Donald_Trump,police,-0.6727182231843472,AGAINST
618898170211254272,2931883207,202,Donald_Trump,msnbc,-0.5636465921998024,NONE
618898170211254272,2931883207,202,Donald_Trump,riddance,-0.5636508874595165,NONE
618898170211254272,2931883207,202,Donald_Trump,semst,-0.5654402375221252,NONE
618907338393546752,1471615951,23845,Donald_Trump,hillaryclinton,-0.7976711196824908,NONE
618923917147795456,574670873,2380,Donald_Trump,party,-0.6007725335657597,AGAINST
618923917147795456,574670873,2380,Donald_Trump,hatred,-0.6007734686136246,AGAINST
618923917147795456,574670873,2380,Donald_Trump,bigotry,-0.6027669198811054,AGAINST
618923917147795456,574670873,2380,Donald_Trump,status,-0.6007679998874664,AGAINST
618923917147795456,574670873,2380,Donald_Trump,nomination,-0.6007652208209038,AGAINST
618936191161729024,28685202,3007,Donald_Trump,parents,-0.3565608039498329,NONE
618936191161729024,28685202,3007,Donald_Trump,kids,-0.35655883327126503,NONE
618936191161729024,28685202,3007,Donald_Trump,cops,-0.35655800998210907,NONE
618936191161729024,28685202,3007,Donald_Trump,cops,-0.35655800998210907,NONE
618939905893216256,566898139,844,Donald_Trump,blessed,0.5146195627748966,NONE
618939905893216256,566898139,844,Donald_Trump,nation,0.5146268792450428,NONE
618939905893216256,566898139,844,Donald_Trump,god,0.5146155059337616,NONE
618939905893216256,566898139,844,Donald_Trump,lord,0.5146182887256145,NONE
618939905893216256,566898139,844,Donald_Trump,psalm,0.23808091133832932,NONE
618939905893216256,566898139,844,Donald_Trump,semst,0.2502095326781273,NONE
618943605353357312,904176902,399,Donald_Trump,fact,-0.2135283201932907,AGAINST
618943605353357312,904176902,399,Donald_Trump,party,-0.21353350579738617,AGAINST
618943852003639297,29134922,2030,Donald_Trump,trump,-0.4977710470557213,AGAINST
618943852003639297,29134922,2030,Donald_Trump,eff,-0.4979017861187458,AGAINST
618943852003639297,29134922,2030,Donald_Trump,suits,0.3375125005841255,AGAINST
618943852003639297,29134922,2030,Donald_Trump,macys,0.34342171996831894,AGAINST
618946479378534400,493186164,308,Donald_Trump,l,0.3214569687843323,AGAINST
618946479378534400,493186164,308,Donald_Trump,dude,-0.7823807299137115,AGAINST
618946479378534400,493186164,308,Donald_Trump,interview,0.22629080340266228,AGAINST
618946622995628032,3272381252,1070,Donald_Trump,semst,-0.8883116953074932,AGAINST
618954897191530496,2608084976,40,Donald_Trump,conservatives,-0.5371906794607639,FAVOR
618954897191530496,2608084976,40,Donald_Trump,trump,0.6125779002904892,FAVOR
618969136576593921,402725136,64,Donald_Trump,montel,-0.8913872800767422,NONE
618969136576593921,402725136,64,Donald_Trump,fuck,-0.889237679541111,NONE
618986503524458496,2373807873,495,Donald_Trump,media,-0.37020127288997173,AGAINST
618986503524458496,2373807873,495,Donald_Trump,donald,-0.3701997958123684,AGAINST
618986503524458496,2373807873,495,Donald_Trump,guy,-0.370200552046299,AGAINST
618986503524458496,2373807873,495,Donald_Trump,questions,-0.3701992779970169,AGAINST
618986503524458496,2373807873,495,Donald_Trump,politician,-0.3702009692788124,AGAINST
618986503524458496,2373807873,495,Donald_Trump,disaster,-0.41801732033491135,AGAINST
618986503524458496,2373807873,495,Donald_Trump,trouble,-0.3571544289588928,AGAINST
618990080565317632,20415005,3353,Donald_Trump,trump,-0.6250188052654266,FAVOR
618990080565317632,20415005,3353,Donald_Trump,immigrants,-0.6250145584344864,FAVOR
618990080565317632,20415005,3353,Donald_Trump,rappists,-0.6271079108119011,FAVOR
618990080565317632,20415005,3353,Donald_Trump,hop,-0.6250235587358475,FAVOR
618990080565317632,20415005,3353,Donald_Trump,semst,-0.6271020472049713,FAVOR
619028835527319552,43251355,702,Donald_Trump,president,-0.4635402299463749,FAVOR
619028835527319552,43251355,702,Donald_Trump,business,-0.4635294936597347,FAVOR
619104493066547200,3358621409,27,Donald_Trump,gop,-0.22531548142433167,FAVOR
619104493066547200,3358621409,27,Donald_Trump,america,-0.7625564821064472,FAVOR
619104493066547200,3358621409,27,Donald_Trump,politician,-0.7625610455870628,FAVOR
619138286032957440,453561436,162,Donald_Trump,flag,-0.28312571346759796,NONE
619138286032957440,453561436,162,Donald_Trump,burning,-0.2830946147441864,NONE
619138286032957440,453561436,162,Donald_Trump,glory,-0.28309421241283417,NONE
619139803557158912,27665506,7928,Donald_Trump,trump,-0.3909152112901211,FAVOR
619139803557158912,27665506,7928,Donald_Trump,dems,-0.3919178210198879,FAVOR
619139803557158912,27665506,7928,Donald_Trump,repubs,-0.392974428832531,FAVOR
619141353079996416,1208304842,709,Donald_Trump,chairman,-0.225134439766407,FAVOR
619141353079996416,1208304842,709,Donald_Trump,trump,-0.22513170912861824,FAVOR
619175631654404096,192099347,8118,Donald_Trump,ppl,-0.6220603846013546,AGAINST
619175631654404096,192099347,8118,Donald_Trump,marriage,-0.6207329407334328,AGAINST
619316858093748225,2813365387,1054,Donald_Trump,media,-0.23369130492210388,AGAINST
619316858093748225,2813365387,1054,Donald_Trump,airtime,-0.23240042477846146,AGAINST
619352307860242432,616303472,388,Donald_Trump,trump,-0.33156266063451767,FAVOR
619352307860242432,616303472,388,Donald_Trump,candidate,-0.33155398815870285,FAVOR
619474854228594688,1616176478,38,Donald_Trump,politicians,-0.7195181027054787,FAVOR
619474854228594688,1616176478,38,Donald_Trump,america,-0.7195128686726093,FAVOR
619557088469979136,2849377274,2972,Donald_Trump,sheriff,-0.9217064268887043,NONE
619557088469979136,2849377274,2972,Donald_Trump,sfo,-0.9234763318672776,NONE
619557088469979136,2849377274,2972,Donald_Trump,idiot,-0.9217214146628976,NONE
619560182209581056,2306660054,155,Donald_Trump,mince,-0.5783371105790138,FAVOR
619565389207486464,3352331979,34,Donald_Trump,person,-0.9170417282730341,AGAINST
619565389207486464,3352331979,34,Donald_Trump,speech,0.2703527845442295,AGAINST
619565389207486464,3352331979,34,Donald_Trump,pray,0.3489399626851082,AGAINST
619565389207486464,3352331979,34,Donald_Trump,soul,0.348935529589653,AGAINST
619568303158259712,193192630,2520,Donald_Trump,congrats,0.20031473226845264,FAVOR
619568303158259712,193192630,2520,Donald_Trump,realdonaldtrump,0.203714270144701,FAVOR
619575845791797249,467767056,6059,Donald_Trump,flag,-0.37763160467147827,NONE
619575845791797249,467767056,6059,Donald_Trump,racists,-0.529457489028573,NONE
619604637046452224,553480874,313,Donald_Trump,merits,-0.5628271140158176,NONE
619604637046452224,553480874,313,Donald_Trump,semst,-0.5652539320290089,NONE
619614970133786625,938528232,1781,Donald_Trump,shoutout,0.3963981494307518,FAVOR
619614970133786625,938528232,1781,Donald_Trump,man,0.3921065740287304,FAVOR
619614970133786625,938528232,1781,Donald_Trump,guy,-0.3323127031326294,FAVOR
619622222056062977,380404913,104,Donald_Trump,america,-0.9250096641480923,NONE
619622222056062977,380404913,104,Donald_Trump,flag,-0.9250180283561349,NONE
619622222056062977,380404913,104,Donald_Trump,athletes,-0.9250114997848868,NONE
619622222056062977,380404913,104,Donald_Trump,shit,-0.9250333113595843,NONE
619622222056062977,380404913,104,Donald_Trump,semst,-0.9265312096104026,NONE
619633625756143616,1902111738,67,Donald_Trump,ill,0.3176863119006157,NONE
619639401212182529,780291397,12666,Donald_Trump,jihadist,-0.41005314141511917,NONE
619639401212182529,780291397,12666,Donald_Trump,allies,-0.41130829602479935,NONE
619639401212182529,780291397,12666,Donald_Trump,iran,-0.4113139435648918,NONE
619639401212182529,780291397,12666,Donald_Trump,strom,-0.2611062377691269,NONE
619657438313103360,1687003296,1814,Donald_Trump,lgbt,-0.4431154206395149,NONE
619657438313103360,1687003296,1814,Donald_Trump,monsters,-0.44311318546533585,NONE
619657438313103360,1687003296,1814,Donald_Trump,children,-0.4431127831339836,NONE
619657438313103360,1687003296,1814,Donald_Trump,structure,-0.4431130401790142,NONE
619664804983091200,24328805,164,Donald_Trump,donald,-0.7426716536283493,AGAINST
619666589089198081,49216749,5637,Donald_Trump,saramurray,-0.24804026633501053,NONE
619684196806737920,265530743,6058,Donald_Trump,america,-0.7470983304083347,NONE
619684196806737920,265530743,6058,Donald_Trump,semst,-0.7516700588166714,NONE
619685014272352256,366234958,864,Donald_Trump,karenmonsour12,0.5865732645615935,NONE
619685014272352256,366234958,864,Donald_Trump,karen,0.5633099572733045,NONE
619685014272352256,366234958,864,Donald_Trump,idea,0.5581586128100753,NONE
619690818794733569,2904178633,1286,Donald_Trump,quit,-0.8901916611939669,NONE
619690818794733569,2904178633,1286,Donald_Trump,politician,-0.8901977445930243,NONE
619690818794733569,2904178633,1286,Donald_Trump,mad,-0.8902014996856451,NONE
619690818794733569,2904178633,1286,Donald_Trump,semst,-0.8918232880532742,NONE
619695672577650688,59511805,44582,Donald_Trump,democrats,-0.4320558123290539,FAVOR
619695672577650688,59511805,44582,Donald_Trump,gop,-0.43323861062526703,FAVOR
619701300515614720,1499885311,25,Donald_Trump,reality,-0.3817993067204952,NONE
619811698434789376,26517251,4195,Donald_Trump,lives,-0.49955932050943375,NONE
619811698434789376,26517251,4195,Donald_Trump,lives,-0.49955932050943375,NONE
619815863630340096,2782373709,156,Donald_Trump,becker,-0.5812603756785393,AGAINST
619815863630340096,2782373709,156,Donald_Trump,idiots,-0.5812412835657597,AGAINST
619815863630340096,2782373709,156,Donald_Trump,anything,-0.5812348425388336,AGAINST
619815863630340096,2782373709,156,Donald_Trump,semst,-0.5064372718334198,AGAINST
619817577586536448,1538792221,121,Donald_Trump,trump,-0.47928496077656746,AGAINST
619817577586536448,1538792221,121,Donald_Trump,mexicans,-0.479849386960268,AGAINST
619843175461580800,358852183,378,Donald_Trump,president,0.6671737618744373,FAVOR
619843175461580800,358852183,378,Donald_Trump,politician,-0.7414954658597708,FAVOR
