User_ID_x,16665596,18227863,20587072,21395960,21819264,24828490,31631820,32313617,32521113,38459796,44172057,52432921,52560268,53905837,56483993,65533495,84599864,88302415,95697038,106211842,109071016,112628901,122215691,133402768,168173342,201553765,239281295,250115148,282828453,292586465,299453646,305506218,310483874,320146757,336721797,350747623,356634518,362576854,375278130,375549185,382151611,413650758,429386417,483405140,493759293,495199212,509769573,520605382,546258169,594711386,598018682,607325551,621983823,747723973,763879189,815977938,875198178,875902951,890240018,949555026,951010796,952847162,969566850,972496296,991346778,1259548171,1279365926,1295672767,1313442830,1349093048,1399721636,1528718839,1573722223,1608967496,1636125805,1657033226,1855651098,1877566596,2160658435,2178564559,2180563412,2323631724,2383867424,2388340026,2429648227,2534342832,2565936404,2568960285,2584178036,2658420401,2685871154,2708308693,2715213326,2798979048,2806775116,2831172226,2845021300,2903479080,2935492656,2970485691,3015895638,3022193149,3038116383,3039721373,3041759534,3043915019,3071440342,3102023268,3119138842,3131055880,3150327612,3164632718,3181603264,3191431412,3217290237,3224829778,3231010562,3245355291,3248746786,3258396847,3271904619,3304420079,3342381723,3353633032,3361503233
16665596,0,0,0,0,73,0,0,0,1,0,0,0,0,0,3,0,0,0,43,22,0,0,0,0,0,47,0,0,0,0,0,0,0,0,0,0,0,0,1,2,0,19,0,0,0,0,1,0,0,0,0,0,0,0,0,0,0,0,0,0,0,0,0,0,0,0,0,9,0,0,51,0,0,2,0,0,0,1,0,0,1,0,0,0,0,104,0,0,4,21,0,0,27,0,4,1,47,0,1,4,0,15,13,0,0,12,0,0,9,32,0,0,1,0,0,0,0,0,0,0,41,0,1,0,3
18227863,0,0,2,0,0,0,2,1,2,0,0,0,0,0,0,0,1,0,1,2,0,0,0,1,0,0,2,0,0,1,0,0,0,0,1,0,0,0,1,2,0,0,0,0,1,0,1,1,0,2,0,0,0,0,0,0,0,0,0,0,0,0,1,2,0,4,0,0,0,1,2,1,1,0,0,0,4,0,1,3,0,0,5,0,0,1,0,0,0,1,0,0,0,0,0,0,2,2,1,0,0,0,1,1,0,0,0,0,0,0,1,0,0,0,5,3,0,1,0,0,1,1,0,1,0
20587072,0,2,0,2,0,0,1,0,0,0,0,2,2,0,1,0,0,1,0,0,1,1,1,0,0,0,2,0,0,1,0,1,0,1,13,0,0,0,1,0,2,0,0,7,0,0,0,0,0,7,0,0,0,12,0,0,0,2,0,0,2,0,0,10,1,15,0,0,1,3,1,0,0,1,0,0,8,0,3,0,0,0,3,0,0,2,1,0,0,1,0,5,1,2,0,0,1,0,0,0,0,0,0,2,0,0,0,0,0,0,1,0,0,0,7,5,0,0,1,0,1,0,0,1,0
21395960,0,0,2,0,0,0,0,0,1,0,1,0,0,0,1,0,1,0,0,0,0,0,0,0,0,0,0,0,0,1,0,0,0,0,0,0,0,0,2,1,0,0,1,5,0,1,1,0,0,0,0,0,1,0,0,0,0,0,0,0,3,0,1,1,0,3,1,0,0,0,2,1,0,0,0,0,1,0,0,0,0,0,1,0,0,0,0,0,0,0,0,1,0,0,0,0,0,0,0,0,0,0,0,0,0,0,0,0,0,0,0,0,0,0,1,0,0,0,0,0,0,0,0,2,0
21819264,73,0,0,0,0,0,0,1,2,0,1,0,0,0,8,0,4,3,87,128,0,0,0,3,0,77,0,0,1,0,0,1,0,0,0,0,0,0,16,3,0,37,1,3,0,0,12,0,0,2,0,0,0,0,0,0,0,2,0,0,0,0,0,5,0,2,1,143,1,0,110,4,0,6,0,0,13,0,0,0,0,0,0,0,0,193,0,1,0,126,0,7,254,1,16,5,137,0,13,2,0,39,18,3,0,32,0,0,54,117,0,0,3,0,8,0,0,10,1,0,34,0,1,0,9
24828490,0,0,0,0,0,0,0,0,0,0,0,0,0,0,0,0,0,0,0,0,0,0,0,0,0,0,0,0,0,0,0,0,0,0,0,0,0,0,0,0,0,0,0,0,0,0,0,0,0,0,0,0,0,0,0,0,0,0,0,0,0,0,0,1,0,0,0,0,0,0,0,0,0,0,0,0,0,0,0,0,0,0,0,0,0,0,0,0,0,0,0,0,0,0,0,0,0,0,0,0,0,0,0,0,0,0,0,0,0,0,0,0,0,0,0,0,0,0,0,0,0,0,0,0,0
31631820,0,2,1,0,0,0,0,1,0,0,0,0,0,0,0,0,0,0,0,1,0,0,1,2,0,1,1,0,0,0,0,1,0,0,1,1,1,0,0,2,0,0,0,0,1,0,1,1,0,1,0,0,0,0,0,0,0,1,0,0,0,0,0,0,0,0,0,0,0,1,1,1,0,0,0,0,2,1,0,3,1,0,2,0,0,1,0,0,0,1,0,0,0,0,0,0,2,0,1,0,0,1,0,0,0,0,0,0,0,0,0,0,0,0,0,0,0,0,0,0,0,0,0,1,0
32313617,0,1,0,0,1,0,1,0,0,0,0,0,1,0,0,0,0,0,0,0,0,0,0,0,0,0,1,0,0,0,0,0,1,0,0,1,1,0,0,0,0,0,0,0,0,0,1,0,0,0,0,0,0,0,0,0,0,0,0,0,0,0,0,0,0,0,0,0,0,0,2,1,0,0,0,0,1,0,0,1,0,0,1,0,0,2,0,0,0,0,0,0,0,0,0,0,0,0,0,0,0,0,0,0,0,0,0,0,0,0,0,0,0,0,0,1,1,0,0,0,0,0,0,1,0
32521113,1,2,0,1,2,0,0,0,0,0,1,0,0,0,0,0,1,2,1,0,0,4,0,0,0,0,0,0,0,0,0,0,0,0,0,0,0,0,4,1,0,0,2,11,0,2,9,0,0,1,0,0,0,0,0,0,0,1,0,0,3,0,1,2,0,2,1,0,0,2,2,5,0,0,0,0,6,1,1,0,0,0,0,1,0,2,0,1,0,1,0,2,0,0,0,0,0,0,1,0,0,0,0,0,0,0,1,0,0,0,0,0,0,0,5,0,0,0,0,0,0,0,0,1,0
38459796,0,0,0,0,0,0,0,0,0,0,0,0,0,0,0,0,0,0,0,0,0,0,0,0,0,0,0,0,0,0,0,0,0,0,0,0,0,0,0,1,0,1,0,0,0,0,0,0,0,0,0,0,0,0,0,0,0,0,0,0,0,0,0,0,0,0,0,0,0,0,0,0,0,0,0,0,0,0,0,0,0,0,0,0,0,0,0,0,0,1,0,0,0,0,0,0,0,0,0,0,0,1,0,0,0,0,0,0,0,0,0,0,0,0,0,0,0,0,0,0,0,0,0,0,0
44172057,0,0,0,1,1,0,0,0,1,0,0,0,0,0,0,0,0,0,0,0,0,0,0,0,0,0,0,0,0,0,0,0,0,0,0,0,0,0,0,0,0,0,0,0,0,0,1,0,0,0,0,0,0,0,0,0,0,0,0,0,1,0,0,0,0,3,0,0,0,0,0,1,0,0,0,0,3,0,0,0,0,0,0,0,0,1,0,1,0,0,0,1,0,0,0,0,0,0,0,0,0,0,0,0,0,0,0,0,0,0,0,0,0,0,1,0,0,0,0,0,0,0,0,0,0
52432921,0,0,2,0,0,0,0,0,0,0,0,0,0,0,1,0,0,1,1,0,0,0,0,0,0,0,0,0,0,0,0,0,0,0,0,0,0,0,0,1,1,0,0,0,0,0,0,0,0,0,0,0,0,0,0,0,0,0,0,0,0,0,0,1,0,1,1,0,0,1,0,1,0,0,0,0,1,0,1,0,0,0,2,0,0,0,0,1,0,0,0,2,0,0,0,0,0,0,1,0,0,0,0,0,1,0,0,0,0,0,0,0,0,0,1,0,1,0,0,0,0,0,0,0,0
52560268,0,0,2,0,0,0,0,1,0,0,0,0,0,0,0,0,0,0,0,0,0,0,0,0,0,0,1,0,0,1,0,0,0,0,0,0,0,0,0,0,0,0,0,0,0,0,0,0,0,0,0,0,0,0,0,0,0,0,0,0,0,0,0,0,0,0,0,0,0,0,0,0,0,0,0,0,1,0,0,0,0,0,0,0,0,0,0,0,0,0,0,0,0,0,0,0,0,0,0,0,0,0,0,0,0,0,0,0,0,0,0,0,0,0,0,0,0,0,0,0,0,0,0,0,0
53905837,0,0,0,0,0,0,0,0,0,0,0,0,0,0,0,0,0,0,0,1,0,0,0,0,0,0,0,0,0,0,0,0,0,0,0,0,0,0,0,0,0,0,0,0,0,0,0,0,0,0,0,0,0,0,0,0,0,0,0,0,0,0,1,0,0,0,0,0,0,0,1,0,0,0,0,0,0,0,0,0,0,0,1,0,0,0,0,0,0,1,0,0,0,0,0,0,0,0,0,0,0,0,0,0,0,0,0,0,0,0,0,0,0,0,0,0,0,0,0,0,0,0,0,0,0
56483993,3,0,1,1,8,0,0,0,0,0,0,1,0,0,0,0,1,1,5,2,0,0,0,0,0,6,0,0,0,0,0,0,2,0,0,0,1,0,0,1,0,5,0,0,0,0,2,0,0,1,0,0,0,1,0,0,0,0,0,0,1,0,0,0,0,0,1,1,0,2,6,1,0,1,0,0,2,0,1,0,0,0,2,0,0,6,0,1,0,6,0,1,5,0,3,0,7,0,2,0,0,2,3,0,0,2,0,0,1,5,1,0,0,0,2,0,1,0,1,0,2,0,0,0,0
65533495,0,0,0,0,0,0,0,0,0,0,0,0,0,0,0,0,0,0,0,0,0,0,0,0,0,0,0,0,0,0,0,0,0,0,0,0,0,0,0,0,0,0,0,0,0,0,0,0,0,0,0,0,0,0,0,0,0,0,0,0,0,0,0,0,0,0,0,0,0,0,1,0,0,0,0,0,0,0,0,0,0,0,0,0,0,0,0,0,0,0,0,1,0,0,0,0,0,0,0,0,0,0,0,0,0,0,0,0,0,0,0,0,0,0,0,0,0,0,0,0,0,0,0,0,0
84599864,0,1,0,1,4,0,0,0,1,0,0,0,0,0,1,0,0,1,2,0,0,0,0,5,0,0,0,0,0,0,0,0,0,0,1,0,1,0,4,8,0,0,1,1,0,1,4,1,0,0,0,0,0,0,0,0,1,0,0,0,2,0,2,0,0,1,1,0,0,0,3,2,1,0,0,0,4,0,0,1,0,0,0,1,0,3,0,1,0,1,0,1,1,0,0,0,1,0,1,0,0,0,0,0,0,0,0,0,0,0,1,0,0,0,3,0,0,1,0,0,0,1,0,2,0
88302415,0,0,1,0,3,0,0,0,2,0,0,1,0,0,1,0,1,0,3,1,0,0,5,0,0,0,1,0,0,0,0,0,0,0,0,0,0,0,4,4,0,0,2,0,0,0,6,0,0,0,0,3,0,0,0,0,0,1,0,0,1,0,0,0,0,0,1,1,0,2,3,3,0,0,1,0,5,0,3,0,0,0,4,1,0,1,0,3,0,2,0,5,1,0,0,1,0,0,2,0,0,0,0,0,0,0,0,0,0,1,0,0,1,0,5,0,1,0,0,0,1,0,0,1,0
95697038,43,1,0,0,87,0,0,0,1,0,0,1,0,0,5,0,2,3,0,7,0,3,0,4,0,134,3,0,0,0,0,0,1,1,0,0,0,0,14,2,0,15,0,1,0,0,4,0,0,0,0,0,0,0,0,0,0,0,0,0,1,0,0,1,0,1,1,4,0,2,72,4,0,0,1,0,8,0,2,0,0,0,4,0,1,285,0,3,2,42,0,11,26,1,1,1,56,0,7,3,0,8,15,0,0,10,0,1,2,32,0,0,3,0,4,0,1,0,0,0,60,0,2,1,1
106211842,22,2,0,0,128,0,1,0,0,0,0,0,0,1,2,0,0,1,7,0,0,0,0,1,0,12,0,0,0,0,0,1,0,0,1,1,0,0,0,0,0,9,0,0,0,0,6,1,0,1,0,0,0,0,0,0,0,0,0,0,0,0,0,1,0,0,0,36,0,0,31,2,0,1,0,0,1,1,0,0,0,0,0,0,0,28,0,0,0,31,0,2,53,0,1,1,26,0,3,1,0,18,3,2,0,6,0,0,11,25,0,0,0,0,0,0,0,1,1,0,7,0,0,0,4
109071016,0,0,1,0,0,0,0,0,0,0,0,0,0,0,0,0,0,0,0,0,0,0,1,1,0,0,0,0,0,0,0,2,0,0,4,0,0,0,0,1,2,0,0,2,0,0,1,0,0,1,0,0,0,0,0,0,0,2,0,0,1,0,0,2,0,2,0,0,0,0,1,0,0,0,0,0,1,0,0,0,0,0,0,0,0,1,0,0,0,0,1,1,0,0,0,0,0,0,0,0,0,0,0,0,1,0,0,0,0,0,0,0,0,0,0,0,0,0,0,0,0,0,0,0,0
112628901,0,0,1,0,0,0,0,0,4,0,0,0,0,0,0,0,0,0,3,0,0,0,1,0,0,1,0,1,0,0,0,0,0,0,1,0,0,0,1,0,0,0,0,5,0,0,0,0,0,1,0,1,0,0,0,0,0,2,0,0,1,0,0,1,1,2,0,0,1,7,0,2,0,0,0,0,3,0,0,0,0,0,2,0,0,3,0,0,0,0,1,0,0,0,0,0,0,0,1,0,0,0,0,1,0,0,1,1,0,0,0,0,0,0,0,0,0,0,0,0,0,0,0,0,0
122215691,0,0,1,0,0,0,1,0,0,0,0,0,0,0,0,0,0,5,0,0,1,1,0,0,0,0,0,0,0,0,0,1,0,0,1,0,0,0,0,1,0,0,0,0,0,0,0,0,0,0,0,2,0,0,0,0,0,1,0,0,0,0,0,1,1,1,0,0,1,0,0,0,0,0,0,0,0,0,0,0,0,0,0,0,0,0,0,0,0,0,0,0,1,0,0,0,0,0,0,0,0,0,0,1,0,0,0,0,0,0,0,0,0,0,1,0,0,0,0,0,0,0,0,1,0
133402768,0,1,0,0,3,0,2,0,0,0,0,0,0,0,0,0,5,0,4,1,1,0,0,0,0,1,0,1,0,0,0,1,0,0,1,0,0,0,1,2,0,0,0,1,0,0,0,0,0,0,0,0,0,1,0,0,0,1,0,0,0,0,0,1,0,0,0,1,0,1,3,1,0,0,0,0,0,0,0,0,0,0,1,0,0,2,0,0,1,1,0,0,1,0,0,0,0,0,1,1,0,0,0,0,0,0,1,0,0,0,0,0,0,0,4,2,0,1,0,0,0,0,0,0,0
168173342,0,0,0,0,0,0,0,0,0,0,0,0,0,0,0,0,0,0,0,0,0,0,0,0,0,0,0,0,0,0,0,0,0,0,0,0,0,0,0,1,0,0,0,0,0,0,0,0,0,0,0,0,0,0,0,0,0,0,0,0,0,0,0,0,0,0,0,0,1,0,1,0,0,0,0,0,1,0,0,0,0,0,1,0,0,0,0,0,0,0,0,0,0,0,0,0,0,0,0,0,0,0,0,0,0,0,0,0,0,0,0,0,0,0,0,0,0,0,0,0,0,0,0,0,0
201553765,47,0,0,0,77,0,1,0,0,0,0,0,0,0,6,0,0,0,134,12,0,1,0,1,0,0,1,0,0,0,0,0,0,1,1,0,0,0,1,0,0,17,0,3,0,0,2,1,0,0,1,0,0,1,0,0,0,0,0,0,0,0,0,1,0,1,0,7,0,0,65,1,1,1,0,0,2,1,0,1,0,1,1,0,0,239,0,0,2,41,0,3,29,0,6,2,64,0,5,3,0,11,22,1,0,9,0,0,3,37,0,0,3,0,0,0,1,0,0,0,36,0,1,1,3
239281295,0,2,2,0,0,0,1,1,0,0,0,0,1,0,0,0,0,1,3,0,0,0,0,0,0,1,0,0,0,0,0,0,0,1,0,0,0,0,1,0,0,0,0,0,1,0,0,0,0,1,0,0,0,0,0,0,0,0,0,0,1,0,0,1,0,5,2,0,1,8,6,1,1,0,1,0,15,0,0,3,0,1,3,0,0,2,0,0,2,0,0,0,0,0,0,0,8,0,1,1,0,0,1,0,0,0,0,0,0,1,0,0,0,0,7,2,1,0,1,0,0,0,0,2,0
250115148,0,0,0,0,0,0,0,0,0,0,0,0,0,0,0,0,0,0,0,0,0,1,0,1,0,0,0,0,0,0,0,0,0,0,0,0,0,0,1,2,0,0,1,0,0,0,1,0,0,0,0,0,0,0,1,0,1,1,0,0,0,0,0,0,0,0,0,0,0,0,0,1,0,0,0,0,0,0,0,0,0,0,0,0,0,0,0,0,0,0,0,0,0,0,0,0,0,0,0,0,0,0,0,0,0,0,0,0,0,0,0,0,0,0,1,1,0,0,0,0,0,0,0,0,0
282828453,0,0,0,0,1,0,0,0,0,0,0,0,0,0,0,0,0,0,0,0,0,0,0,0,0,0,0,0,0,0,0,0,0,0,0,0,0,0,0,0,0,0,0,0,0,0,0,0,0,0,0,0,0,0,0,0,0,0,0,0,0,0,0,0,0,0,0,0,0,0,0,0,0,0,0,0,0,0,0,0,0,0,0,0,0,0,0,0,0,0,0,0,0,0,0,0,0,0,0,0,0,0,0,0,0,0,0,0,0,0,0,0,0,0,0,0,0,0,0,0,0,0,0,0,0
292586465,0,1,1,1,0,0,0,0,0,0,0,0,1,0,0,0,0,0,0,0,0,0,0,0,0,0,0,0,0,0,0,0,0,1,0,0,0,0,0,1,1,0,0,0,0,0,0,0,0,1,0,0,0,0,0,1,0,0,0,0,1,0,0,2,0,0,2,0,0,0,0,0,0,0,0,0,0,0,0,0,0,0,0,0,0,0,0,0,1,1,0,0,0,0,0,0,0,0,0,0,0,0,0,0,0,0,0,0,0,0,0,0,0,0,0,0,0,0,0,0,0,0,0,0,0
299453646,0,0,0,0,0,0,0,0,0,0,0,0,0,0,0,0,0,0,0,0,0,0,0,0,0,0,0,0,0,0,0,0,0,0,0,0,0,0,0,0,0,0,0,0,0,0,0,0,0,0,0,0,0,0,0,0,0,0,0,0,0,0,0,0,0,0,0,0,0,0,0,0,0,0,0,1,0,0,0,0,0,0,0,0,0,0,0,0,0,0,0,0,0,0,0,0,0,0,0,0,0,0,0,0,0,0,0,0,0,0,0,0,0,0,0,0,0,0,1,0,0,0,0,1,0
305506218,0,0,1,0,1,0,1,0,0,0,0,0,0,0,0,0,0,0,0,1,2,0,1,1,0,0,0,0,0,0,0,0,0,0,2,0,0,0,0,3,0,0,0,2,0,0,0,0,0,1,0,0,0,0,0,0,0,3,0,0,0,0,0,0,0,0,0,0,0,0,0,0,0,0,0,0,1,0,0,0,0,0,0,0,0,1,0,0,0,1,1,0,0,0,0,0,0,0,0,0,0,0,0,0,0,0,0,0,0,0,0,0,0,0,0,0,0,0,0,0,0,0,0,0,0
310483874,0,0,0,0,0,0,0,1,0,0,0,0,0,0,2,0,0,0,1,0,0,0,0,0,0,0,0,0,0,0,0,0,0,0,0,0,0,0,0,0,0,0,0,0,1,0,1,0,0,0,0,0,0,0,0,0,0,0,0,0,0,0,0,0,0,0,1,0,0,0,0,1,1,0,0,0,2,0,0,0,0,0,0,0,0,1,0,1,1,0,0,0,0,0,0,0,0,0,0,0,0,0,1,0,0,0,0,0,0,0,0,0,0,0,1,0,0,0,0,0,0,0,0,0,0
320146757,0,0,1,0,0,0,0,0,0,0,0,0,0,0,0,0,0,0,1,0,0,0,0,0,0,1,1,0,0,1,0,0,0,0,1,0,0,0,1,0,0,0,0,1,0,0,0,0,1,0,0,0,0,0,0,0,0,0,0,0,0,0,1,0,0,0,0,0,0,0,1,0,1,0,0,0,0,0,0,1,0,1,2,0,0,0,0,1,3,0,0,0,0,0,1,0,0,0,0,0,0,0,0,0,0,0,0,0,0,0,0,0,0,0,0,0,1,0,0,0,1,0,0,1,0
336721797,0,1,13,0,0,0,1,0,0,0,0,0,0,0,0,0,1,0,0,1,4,1,1,1,0,1,0,0,0,0,0,2,0,1,0,0,0,0,2,0,1,1,0,2,0,0,0,0,0,0,0,0,0,1,0,0,0,2,0,0,0,0,1,1,1,1,0,0,1,0,0,0,0,0,0,0,4,0,1,0,1,0,0,0,0,2,0,1,0,0,0,1,0,0,0,0,0,0,0,0,0,0,1,1,0,0,0,0,0,0,1,0,0,0,2,3,0,0,1,0,0,0,0,0,0
350747623,0,0,0,0,0,0,1,1,0,0,0,0,0,0,0,0,0,0,0,1,0,0,0,0,0,0,0,0,0,0,0,0,0,0,0,0,0,0,0,0,0,0,0,0,1,0,0,1,0,0,1,0,0,0,0,0,0,0,0,0,0,0,0,0,0,0,0,0,0,0,0,1,0,0,0,0,0,1,0,0,0,0,0,0,0,0,0,0,0,0,0,0,0,0,0,0,0,0,0,0,0,0,0,0,0,0,0,0,0,0,0,0,0,0,0,1,0,0,0,0,0,0,0,0,0
356634518,0,0,0,0,0,0,1,1,0,0,0,0,0,0,1,0,1,0,0,0,0,0,0,0,0,0,0,0,0,0,0,0,0,0,0,0,0,0,0,0,0,0,0,0,0,0,1,0,0,0,0,0,0,0,0,0,0,0,0,0,0,0,0,0,0,0,0,0,0,0,1,0,0,0,0,0,0,0,0,0,0,0,1,0,0,0,0,0,0,0,0,0,0,0,0,0,0,0,0,0,0,0,0,0,0,0,0,0,0,0,0,0,0,0,0,0,0,0,0,0,0,0,0,0,0
362576854,0,0,0,0,0,0,0,0,0,0,0,0,0,0,0,0,0,0,0,0,0,0,0,0,0,0,0,0,0,0,0,0,0,0,0,0,0,0,0,0,0,0,0,0,0,0,1,0,0,0,0,0,0,0,0,0,0,0,0,0,0,1,0,0,0,0,0,0,1,0,0,0,0,0,0,0,0,0,1,0,0,0,0,1,0,0,0,1,0,0,0,0,0,0,0,3,0,0,0,0,0,0,0,0,0,0,1,0,0,0,0,0,0,0,0,0,0,0,0,0,0,0,0,0,0
375278130,1,1,1,2,16,0,0,0,4,0,0,0,0,0,0,0,4,4,14,0,0,1,0,1,0,1,1,1,0,0,0,0,0,1,2,0,0,0,0,4,0,0,4,4,0,2,18,0,0,0,0,0,1,0,0,0,0,7,0,0,12,0,2,0,0,4,3,0,1,3,21,4,1,0,0,0,36,0,2,0,0,0,13,2,0,20,0,2,3,0,0,8,0,0,0,1,4,0,7,1,0,1,1,1,0,0,2,0,0,1,0,0,0,1,24,3,0,0,0,0,1,1,0,3,0
375549185,2,2,0,1,3,0,2,0,1,1,0,1,0,0,1,0,8,4,2,0,1,0,1,2,1,0,0,2,0,1,0,3,0,0,0,0,0,0,4,0,0,1,2,1,0,1,3,0,0,0,0,1,0,1,1,0,0,3,0,0,1,0,4,0,0,1,4,0,0,2,4,2,1,0,0,1,4,0,2,1,0,0,2,0,0,1,0,1,0,1,0,2,1,0,0,0,1,0,1,0,0,1,0,0,0,0,0,0,0,0,1,0,0,0,7,2,1,0,0,0,2,1,0,2,0
382151611,0,0,2,0,0,0,0,0,0,0,0,1,0,0,0,0,0,0,0,0,2,0,0,0,0,0,0,0,0,1,0,0,0,0,1,0,0,0,0,0,0,0,1,0,0,0,1,0,0,27,0,1,0,0,0,0,0,1,0,0,1,0,1,12,0,5,0,0,0,0,0,0,0,0,0,0,5,0,0,0,3,0,0,1,0,0,0,0,0,0,1,0,0,0,0,0,0,0,0,0,0,0,0,0,0,0,0,0,0,0,0,0,0,0,0,0,0,0,0,0,0,0,0,0,0
413650758,19,0,0,0,37,0,0,0,0,1,0,0,0,0,5,0,0,0,15,9,0,0,0,0,0,17,0,0,0,0,0,0,0,0,1,0,0,0,0,1,0,0,1,0,0,0,4,0,0,0,0,0,0,0,0,0,0,0,0,0,0,0,0,1,0,0,0,10,0,0,32,0,0,4,0,0,0,0,0,0,0,0,0,0,0,46,0,1,0,18,0,1,33,0,10,2,27,0,5,2,0,21,14,1,0,26,0,0,14,30,0,0,0,0,0,0,0,1,1,0,19,0,0,0,5
429386417,0,0,0,1,1,0,0,0,2,0,0,0,0,0,0,0,1,2,0,0,0,0,0,0,0,0,0,1,0,0,0,0,0,0,0,0,0,0,4,2,1,1,0,0,0,1,6,0,0,1,0,1,0,0,0,0,0,0,1,0,2,0,1,1,0,2,1,0,0,1,1,2,0,0,0,0,4,0,0,1,0,0,1,1,0,0,0,1,0,2,0,1,0,0,0,0,0,0,1,0,0,0,0,0,0,0,0,0,0,0,0,0,1,0,5,0,0,0,0,1,0,0,0,2,0
483405140,0,0,7,5,3,0,0,0,11,0,0,0,0,0,0,0,1,0,1,0,2,5,0,1,0,3,0,0,0,0,0,2,0,1,2,0,0,0,4,1,0,0,0,0,0,0,1,0,0,0,0,0,0,1,0,0,0,2,0,0,8,0,0,0,1,3,1,0,0,5,4,1,0,0,0,0,9,0,2,0,2,0,4,0,0,2,0,0,1,0,0,2,0,0,0,0,0,0,0,0,0,0,1,0,0,0,1,0,0,0,1,0,0,0,6,3,0,1,0,0,1,0,0,2,0
493759293,0,1,0,0,0,0,1,0,0,0,0,0,0,0,0,0,0,0,0,0,0,0,0,0,0,0,1,0,0,0,0,0,1,0,0,1,0,0,0,0,0,0,0,0,0,0,0,0,0,1,0,0,0,0,0,0,0,0,0,0,0,0,0,0,0,0,0,0,0,0,0,0,1,0,0,0,0,0,0,1,0,0,0,0,0,1,0,0,0,0,0,0,0,0,0,0,0,0,1,0,0,0,0,0,0,0,0,0,0,0,0,0,0,0,0,0,0,0,0,0,0,0,0,0,0
495199212,0,0,0,1,0,0,0,0,2,0,0,0,0,0,0,0,1,0,0,0,0,0,0,0,0,0,0,0,0,0,0,0,0,0,0,0,0,0,2,1,0,0,1,0,0,0,2,0,0,0,0,0,0,1,0,0,0,0,0,0,1,0,1,0,0,2,1,0,0,0,1,2,0,0,0,0,2,0,0,0,0,0,0,0,0,0,0,0,0,0,0,1,0,0,0,0,0,0,0,0,0,0,0,0,0,0,0,0,0,0,0,0,0,0,2,0,0,0,1,0,0,0,0,1,0
509769573,1,1,0,1,12,0,1,1,9,0,1,0,0,0,2,0,4,6,4,6,1,0,0,0,0,2,0,1,0,0,0,0,1,0,0,0,1,1,18,3,1,4,6,1,0,2,0,0,0,0,0,0,0,0,1,0,0,4,0,0,5,0,2,0,0,4,6,3,0,3,6,14,1,1,0,0,15,0,0,1,0,0,5,2,0,8,0,5,0,12,0,7,5,0,0,1,2,0,10,1,0,0,3,0,0,0,1,0,0,3,1,0,1,0,16,1,0,0,0,0,2,1,0,2,0
520605382,0,1,0,0,0,0,1,0,0,0,0,0,0,0,0,0,1,0,0,1,0,0,0,0,0,1,0,0,0,0,0,0,0,0,0,1,0,0,0,0,0,0,0,0,0,0,0,0,0,0,0,0,0,0,0,0,0,1,0,0,0,0,0,0,0,0,0,0,0,0,1,1,0,0,0,0,0,1,0,0,0,0,0,0,0,1,0,0,0,0,0,0,0,0,0,0,0,0,0,0,0,0,0,0,0,1,0,0,0,0,0,0,0,0,0,0,1,0,0,0,2,1,0,0,1
546258169,0,0,0,0,0,0,0,0,0,0,0,0,0,0,0,0,0,0,0,0,0,0,0,0,0,0,0,0,0,0,0,0,0,1,0,0,0,0,0,0,0,0,0,0,0,0,0,0,0,0,0,0,2,1,0,0,0,0,0,0,1,0,0,0,0,0,0,0,0,0,0,0,0,0,0,0,0,0,0,0,0,0,0,0,0,0,0,0,0,0,0,0,0,0,0,0,0,0,0,0,0,0,0,0,0,0,0,0,0,0,0,0,0,0,0,0,0,0,0,0,0,0,0,0,0
594711386,0,2,7,0,2,0,1,0,1,0,0,0,0,0,1,0,0,0,0,1,1,1,0,0,0,0,1,0,0,1,0,1,0,0,0,0,0,0,0,0,27,0,1,0,1,0,0,0,0,0,0,1,1,0,0,0,0,0,0,0,1,0,2,27,0,19,0,0,0,0,1,0,0,0,0,0,13,0,2,1,5,0,0,1,0,2,2,0,0,2,0,3,1,1,0,0,1,0,1,1,0,1,0,0,0,0,0,0,1,1,0,0,0,0,0,1,0,0,0,0,0,0,0,0,0
598018682,0,0,0,0,0,0,0,0,0,0,0,0,0,0,0,0,0,0,0,0,0,0,0,0,0,1,0,0,0,0,0,0,0,0,0,1,0,0,0,0,0,0,0,0,0,0,0,0,0,0,0,0,0,0,0,0,0,0,0,0,0,0,0,0,0,0,0,0,0,0,0,0,0,0,0,0,0,0,0,0,0,0,0,0,0,0,0,0,0,0,0,0,0,0,0,0,0,0,0,0,0,0,0,0,0,0,0,0,0,0,0,0,0,0,0,0,0,0,0,0,0,0,0,0,0
607325551,0,0,0,0,0,0,0,0,0,0,0,0,0,0,0,0,0,3,0,0,0,1,2,0,0,0,0,0,0,0,0,0,0,0,0,0,0,0,0,1,1,0,1,0,0,0,0,0,0,1,0,0,0,0,0,0,0,0,0,0,0,0,0,1,0,0,0,0,0,0,0,0,0,0,0,0,2,0,0,0,0,0,3,1,0,0,0,1,0,0,0,1,0,0,0,0,0,0,0,0,0,0,0,0,0,0,0,0,0,0,0,0,0,0,0,0,0,0,0,0,0,0,0,0,0
621983823,0,0,0,1,0,0,0,0,0,0,0,0,0,0,0,0,0,0,0,0,0,0,0,0,0,0,0,0,0,0,0,0,0,0,0,0,0,0,1,0,0,0,0,0,0,0,0,0,2,1,0,0,0,2,0,0,0,0,0,0,1,0,0,0,0,0,0,0,0,0,2,0,0,0,0,0,0,0,0,0,0,0,0,0,0,0,0,0,1,0,0,0,0,0,0,0,0,0,0,0,0,0,0,0,0,0,0,0,0,0,0,0,0,0,0,0,0,0,0,0,0,0,0,0,0
747723973,0,0,12,0,0,0,0,0,0,0,0,0,0,0,1,0,0,0,0,0,0,0,0,1,0,1,0,0,0,0,0,0,0,0,1,0,0,0,0,1,0,0,0,1,0,1,0,0,1,0,0,0,2,0,0,2,0,0,0,0,1,0,0,0,0,1,0,0,0,0,1,0,0,0,0,0,0,0,0,0,0,0,0,0,0,0,0,0,0,0,0,0,0,0,0,0,0,0,0,0,0,0,0,0,0,0,0,0,0,0,0,0,0,0,0,2,0,0,2,0,0,0,0,0,0
763879189,0,0,0,0,0,0,0,0,0,0,0,0,0,0,0,0,0,0,0,0,0,0,0,0,0,0,0,1,0,0,0,0,0,0,0,0,0,0,0,1,0,0,0,0,0,0,1,0,0,0,0,0,0,0,0,0,0,1,0,0,0,0,0,0,0,0,0,0,0,0,0,0,0,0,0,0,1,0,0,0,0,0,0,0,0,0,0,0,0,0,0,1,0,0,0,0,0,0,0,0,0,0,0,0,0,0,0,0,0,0,0,0,0,0,0,0,0,0,0,0,0,0,0,0,0
815977938,0,0,0,0,0,0,0,0,0,0,0,0,0,0,0,0,0,0,0,0,0,0,0,0,0,0,0,0,0,1,0,0,0,0,0,0,0,0,0,0,0,0,0,0,0,0,0,0,0,0,0,0,0,2,0,0,0,0,0,0,0,0,0,0,0,0,1,0,0,0,0,0,0,0,0,0,0,0,0,0,0,0,0,0,0,0,0,0,1,0,0,0,0,0,0,0,0,0,0,0,0,0,0,0,0,0,0,0,0,0,0,0,0,0,0,0,0,0,0,0,0,0,0,0,0
875198178,0,0,0,0,0,0,0,0,0,0,0,0,0,0,0,0,1,0,0,0,0,0,0,0,0,0,0,1,0,0,0,0,0,0,0,0,0,0,0,0,0,0,0,0,0,0,0,0,0,0,0,0,0,0,0,0,0,0,0,0,0,0,0,0,0,0,0,0,0,0,0,0,0,0,0,0,0,0,0,0,0,0,0,0,0,0,0,0,0,0,0,0,0,0,0,0,0,0,0,0,0,0,0,0,0,0,0,0,0,0,0,0,0,0,0,0,0,0,0,0,0,0,0,0,0
875902951,0,0,2,0,2,0,1,0,1,0,0,0,0,0,0,0,0,1,0,0,2,2,1,1,0,0,0,1,0,0,0,3,0,0,2,0,0,0,7,3,1,0,0,2,0,0,4,1,0,0,0,0,0,0,1,0,0,0,0,0,0,0,0,4,1,3,1,0,2,2,1,0,0,0,0,0,2,0,1,0,0,0,1,0,0,0,0,0,0,0,1,1,0,0,0,0,0,0,1,0,0,0,0,1,0,0,0,0,0,0,0,0,0,0,5,4,0,0,0,0,0,0,0,0,0
890240018,0,0,0,0,0,0,0,0,0,0,0,0,0,0,0,0,0,0,0,0,0,0,0,0,0,0,0,0,0,0,0,0,0,0,0,0,0,0,0,0,0,0,1,0,0,0,0,0,0,0,0,0,0,0,0,0,0,0,0,0,0,0,0,0,0,0,0,0,0,0,0,3,0,0,0,0,0,0,0,0,0,0,0,0,0,0,0,0,0,0,0,0,0,0,0,0,0,0,0,0,0,0,0,0,0,0,0,0,0,0,1,0,0,0,0,0,0,0,0,0,0,0,0,0,0
949555026,0,0,0,0,0,0,0,0,0,0,0,0,0,0,0,0,0,0,0,0,0,0,0,0,0,0,0,0,0,0,0,0,0,0,0,0,0,0,0,0,0,0,0,0,0,0,0,0,0,0,0,0,0,0,0,0,0,0,0,0,0,0,0,1,0,0,0,0,0,0,0,0,0,0,0,0,0,0,0,0,0,0,0,0,0,0,0,0,0,0,0,0,0,0,0,0,0,0,0,0,0,0,0,0,0,0,0,0,0,0,0,0,0,0,0,0,0,0,0,0,0,0,0,0,0
951010796,0,0,2,3,0,0,0,0,3,0,1,0,0,0,1,0,2,1,1,0,1,1,0,0,0,0,1,0,0,1,0,0,0,0,0,0,0,0,12,1,1,0,2,8,0,1,5,0,1,1,0,0,1,1,0,0,0,0,0,0,0,0,1,4,0,4,3,0,0,3,5,2,0,0,0,1,17,0,1,0,0,0,0,2,0,8,0,2,0,1,0,4,0,0,0,0,0,0,0,0,0,0,0,0,1,0,0,0,0,0,0,0,0,0,6,1,0,0,0,0,0,0,0,1,0
952847162,0,0,0,0,0,0,0,0,0,0,0,0,0,0,0,0,0,0,0,0,0,0,0,0,0,0,0,0,0,0,0,0,0,0,0,0,0,1,0,0,0,0,0,0,0,0,0,0,0,0,0,0,0,0,0,0,0,0,0,0,0,0,0,0,0,0,0,0,0,0,0,0,0,0,0,0,0,0,0,0,0,0,0,0,0,0,0,0,0,0,0,0,0,0,0,0,0,0,0,0,0,0,0,0,0,0,0,0,0,0,0,0,0,0,0,0,0,0,0,0,0,0,0,0,0
969566850,0,1,0,1,0,0,0,0,1,0,0,0,0,1,0,0,2,0,0,0,0,0,0,0,0,0,0,0,0,0,0,0,0,1,1,0,0,0,2,4,1,0,1,0,0,1,2,0,0,2,0,0,0,0,0,0,0,0,0,0,1,0,0,3,0,2,1,0,0,0,2,1,1,0,0,0,3,0,0,1,0,0,0,0,0,1,0,0,0,2,0,1,0,0,0,0,0,0,0,0,0,0,0,0,0,0,0,0,0,0,1,0,0,0,2,0,0,0,0,0,0,1,0,3,0
972496296,0,2,10,1,5,1,0,0,2,0,0,1,0,0,0,0,0,0,1,1,2,1,1,1,0,1,1,0,0,2,0,0,0,0,1,0,0,0,0,0,12,1,1,0,0,0,0,0,0,27,0,1,0,0,0,0,0,4,0,1,4,0,3,0,1,42,0,0,3,1,0,1,0,0,0,0,13,0,3,0,1,0,1,1,0,1,1,0,1,1,0,13,1,0,0,0,2,0,0,1,0,0,0,2,0,0,0,1,0,1,1,0,0,0,0,0,0,0,0,0,1,0,0,0,0
991346778,0,0,1,0,0,0,0,0,0,0,0,0,0,0,0,0,0,0,0,0,0,1,1,0,0,0,0,0,0,0,0,0,0,0,1,0,0,0,0,0,0,0,0,1,0,0,0,0,0,0,0,0,0,0,0,0,0,1,0,0,0,0,0,1,0,1,1,0,1,0,0,0,0,0,0,0,1,0,0,0,0,0,0,0,0,1,0,0,0,0,0,0,0,0,0,0,0,0,0,0,0,0,0,1,0,0,0,0,0,0,0,0,0,0,0,1,0,0,0,0,0,0,0,0,0
1259548171,0,4,15,3,2,0,0,0,2,0,3,1,0,0,0,0,1,0,1,0,2,2,1,0,0,1,5,0,0,0,0,0,0,0,1,0,0,0,4,1,5,0,2,3,0,2,4,0,0,19,0,0,0,1,0,0,0,3,0,0,4,0,2,42,1,0,3,0,2,7,7,2,0,0,0,0,28,0,3,0,1,0,3,0,0,2,1,0,0,0,0,15,0,1,0,0,4,1,0,0,0,0,0,1,0,0,0,0,0,1,1,0,0,0,6,3,0,0,1,0,0,0,0,3,0
1279365926,0,0,0,1,1,0,0,0,1,0,0,1,0,0,1,0,1,1,1,0,0,0,0,0,0,0,2,0,0,2,0,0,1,0,0,0,0,0,3,4,0,0,1,1,0,1,6,0,0,0,0,0,0,0,0,1,0,1,0,0,3,0,1,0,1,3,0,0,0,3,2,2,0,0,0,0,8,0,1,0,0,0,1,0,0,1,0,1,0,1,0,3,0,0,0,0,2,0,2,0,0,0,1,0,0,0,0,0,0,0,0,0,0,0,5,0,1,0,0,0,0,0,0,1,0
1295672767,9,0,0,0,143,0,0,0,0,0,0,0,0,0,1,0,0,1,4,36,0,0,0,1,0,7,0,0,0,0,0,0,0,0,0,0,0,0,0,0,0,10,0,0,0,0,3,0,0,0,0,0,0,0,0,0,0,0,0,0,0,0,0,0,0,0,0,0,2,0,17,0,0,1,0,0,1,0,0,0,0,0,0,0,0,26,0,0,0,42,0,1,76,0,4,3,25,0,0,0,1,10,6,2,0,10,0,0,20,36,0,0,0,0,0,0,0,0,1,0,3,0,0,0,3
1313442830,0,0,1,0,1,0,0,0,0,0,0,0,0,0,0,0,0,0,0,0,0,1,1,0,1,0,1,0,0,0,0,0,0,0,1,0,0,1,1,0,0,0,0,0,0,0,0,0,0,0,0,0,0,0,0,0,0,2,0,0,0,0,0,3,1,2,0,2,0,2,0,0,0,0,0,0,2,0,0,0,0,0,2,1,0,1,0,0,0,1,0,1,0,0,0,0,0,0,1,0,0,0,0,2,0,0,0,0,0,0,0,0,0,0,0,0,0,0,0,0,0,0,0,1,0
1349093048,0,1,3,0,0,0,1,0,2,0,0,1,0,0,2,0,0,2,2,0,0,7,0,1,0,0,8,0,0,0,0,0,0,0,0,0,0,0,3,2,0,0,1,5,0,0,3,0,0,0,0,0,0,0,0,0,0,2,0,0,3,0,0,1,0,7,3,0,2,0,1,4,0,0,2,0,35,0,1,0,0,0,4,2,0,3,0,3,0,1,0,5,0,0,0,0,12,0,2,0,0,0,0,0,1,0,0,0,0,0,0,0,1,0,7,2,1,0,0,0,0,0,0,0,0
1399721636,51,2,1,2,110,0,1,2,2,0,0,0,0,1,6,1,3,3,72,31,1,0,0,3,1,65,6,0,0,0,0,0,0,1,0,0,1,0,21,4,0,32,1,4,0,1,6,1,0,1,0,0,2,1,0,0,0,1,0,0,5,0,2,0,0,7,2,17,0,1,0,6,1,2,0,1,16,0,2,1,0,0,11,0,0,128,0,0,0,33,0,10,56,1,5,3,76,0,8,2,1,20,18,2,0,25,0,0,15,50,0,0,1,0,8,3,0,12,0,0,65,1,2,7,4
1528718839,0,1,0,1,4,0,1,1,5,0,1,1,0,0,1,0,2,3,4,2,0,2,0,1,0,1,1,1,0,0,0,0,1,0,0,1,0,0,4,2,0,0,2,1,0,2,14,1,0,0,0,0,0,0,0,0,0,0,3,0,2,0,1,1,0,2,2,0,0,4,6,0,0,4,0,0,9,2,1,1,0,0,5,2,0,7,0,6,0,8,0,11,1,0,0,0,0,0,8,1,0,0,0,0,2,0,1,0,0,1,0,0,1,0,5,0,1,0,0,0,0,0,0,2,0
1573722223,0,1,0,0,0,0,0,0,0,0,0,0,0,0,0,0,1,0,0,0,0,0,0,0,0,1,1,0,0,0,0,0,1,1,0,0,0,0,1,1,0,0,0,0,1,0,1,0,0,0,0,0,0,0,0,0,0,0,0,0,0,0,1,0,0,0,0,0,0,0,1,0,0,0,0,0,1,7,0,2,0,1,1,0,0,0,0,0,1,1,0,0,0,0,0,0,0,0,1,0,0,0,0,0,0,0,0,0,0,0,2,0,0,0,0,0,1,0,0,0,0,1,0,2,0
1608967496,2,0,1,0,6,0,0,0,0,0,0,0,0,0,1,0,0,0,0,1,0,0,0,0,0,1,0,0,0,0,0,0,0,0,0,0,0,0,0,0,0,4,0,0,0,0,1,0,0,0,0,0,0,0,0,0,0,0,0,0,0,0,0,0,0,0,0,1,0,0,2,4,0,0,0,0,1,0,0,0,0,0,0,0,0,4,0,0,0,5,0,0,5,0,3,0,2,0,1,1,0,3,2,0,0,3,0,0,2,5,0,0,0,0,0,0,0,0,0,0,0,0,0,0,1
1636125805,0,0,0,0,0,0,0,0,0,0,0,0,0,0,0,0,0,1,1,0,0,0,0,0,0,0,1,0,0,0,0,0,0,0,0,0,0,0,0,0,0,0,0,0,0,0,0,0,0,0,0,0,0,0,0,0,0,0,0,0,0,0,0,0,0,0,0,0,0,2,0,0,0,0,0,0,1,0,0,0,0,0,0,1,0,0,0,0,0,0,0,0,0,0,0,0,1,0,0,0,0,0,0,0,0,0,0,0,0,1,0,0,0,0,1,0,0,0,0,0,0,0,0,0,0
1657033226,0,0,0,0,0,0,0,0,0,0,0,0,0,0,0,0,0,0,0,0,0,0,0,0,0,0,0,0,0,0,1,0,0,0,0,0,0,0,0,1,0,0,0,0,0,0,0,0,0,0,0,0,0,0,0,0,0,0,0,0,1,0,0,0,0,0,0,0,0,0,1,0,0,0,0,0,0,0,0,0,0,0,0,0,0,0,0,0,0,0,0,0,0,0,0,0,0,0,0,0,0,0,0,0,0,0,0,0,0,0,1,0,0,0,0,0,0,0,0,0,0,0,0,0,0
1855651098,0,4,8,1,13,0,2,1,6,0,3,1,1,0,2,0,4,5,8,1,1,3,0,0,1,2,15,0,0,0,0,1,2,0,4,0,0,0,36,4,5,0,4,9,0,2,15,0,0,13,0,2,0,0,1,0,0,2,0,0,17,0,3,13,1,28,8,1,2,35,16,9,1,1,1,0,0,0,6,0,11,0,14,1,0,27,0,5,0,7,1,21,3,0,1,1,14,1,4,2,0,0,2,1,1,0,2,0,0,2,1,0,0,0,30,7,1,0,1,0,1,0,0,6,0
1877566596,1,0,0,0,0,0,1,0,1,0,0,0,0,0,0,0,0,0,0,1,0,0,0,0,0,1,0,0,0,0,0,0,0,0,0,1,0,0,0,0,0,0,0,0,0,0,0,1,0,0,0,0,0,0,0,0,0,0,0,0,0,0,0,0,0,0,0,0,0,0,0,2,7,0,0,0,0,0,0,0,0,0,0,0,0,0,0,0,1,0,0,0,0,0,0,0,0,0,0,0,0,0,0,0,0,0,0,0,0,0,0,0,0,0,0,0,0,0,0,0,0,0,0,0,0
2160658435,0,1,3,0,0,0,0,0,1,0,0,1,0,0,1,0,0,3,2,0,0,0,0,0,0,0,0,0,0,0,0,0,0,0,1,0,0,1,2,2,0,0,0,2,0,0,0,0,0,2,0,0,0,0,0,0,0,1,0,0,1,0,0,3,0,3,1,0,0,1,2,1,0,0,0,0,6,0,0,0,0,0,1,0,0,0,0,2,0,0,0,7,0,1,0,0,0,0,1,0,0,0,0,0,0,0,1,0,0,0,0,0,0,0,3,0,1,0,2,0,0,0,0,0,0
2178564559,0,3,0,0,0,0,3,1,0,0,0,0,0,0,0,0,1,0,0,0,0,0,0,0,0,1,3,0,0,0,0,0,0,1,0,0,0,0,0,1,0,0,1,0,1,0,1,0,0,1,0,0,0,0,0,0,0,0,0,0,0,0,1,0,0,0,0,0,0,0,1,1,2,0,0,0,0,0,0,0,0,1,1,0,0,1,0,0,1,2,0,0,0,0,0,0,0,0,1,0,0,0,0,0,0,0,0,0,0,0,1,0,0,0,0,0,1,0,0,0,0,1,0,2,0
2180563412,1,0,0,0,0,0,1,0,0,0,0,0,0,0,0,0,0,0,0,0,0,0,0,0,0,0,0,0,0,0,0,0,0,0,1,0,0,0,0,0,3,0,0,2,0,0,0,0,0,5,0,0,0,0,0,0,0,0,0,0,0,0,0,1,0,1,0,0,0,0,0,0,0,0,0,0,11,0,0,0,0,0,1,0,0,0,0,0,0,0,0,0,1,0,0,0,0,0,1,0,0,0,0,0,0,0,0,0,0,0,0,0,0,0,0,0,0,0,0,0,0,0,0,0,0
2323631724,0,0,0,0,0,0,0,0,0,0,0,0,0,0,0,0,0,0,0,0,0,0,0,0,0,1,1,0,0,0,0,0,0,1,0,0,0,0,0,0,0,0,0,0,0,0,0,0,0,0,0,0,0,0,0,0,0,0,0,0,0,0,0,0,0,0,0,0,0,0,0,0,1,0,0,0,0,0,0,1,0,0,1,0,0,0,0,0,1,0,0,0,0,0,0,0,0,0,0,0,0,0,0,0,0,0,0,0,0,0,0,0,0,0,0,0,1,0,0,0,0,0,0,1,0
2383867424,0,5,3,1,0,0,2,1,0,0,0,2,0,1,2,0,0,4,4,0,0,2,0,1,1,1,3,0,0,0,0,0,0,2,0,0,1,0,13,2,0,0,1,4,0,0,5,0,0,0,0,3,0,0,0,0,0,1,0,0,0,0,0,1,0,3,1,0,2,4,11,5,1,0,0,0,14,0,1,1,1,1,0,1,0,4,0,3,2,0,0,4,0,1,0,0,5,0,2,0,0,0,0,0,3,0,0,0,0,0,1,0,1,1,9,3,2,0,0,0,0,0,0,5,0
2388340026,0,0,0,0,0,0,0,0,1,0,0,0,0,0,0,0,1,1,0,0,0,0,0,0,0,0,0,0,0,0,0,0,0,0,0,0,0,1,2,0,1,0,1,0,0,0,2,0,0,1,0,1,0,0,0,0,0,0,0,0,2,0,0,1,0,0,0,0,1,2,0,2,0,0,1,0,1,0,0,0,0,0,1,0,0,2,0,2,0,0,0,2,0,0,0,0,1,0,0,0,0,0,0,0,0,0,0,0,0,0,0,0,0,0,1,0,0,0,0,0,0,0,0,0,0
2429648227,0,0,0,0,0,0,0,0,0,0,0,0,0,0,0,0,0,0,1,0,0,0,0,0,0,0,0,0,0,0,0,0,0,0,0,0,0,0,0,0,0,0,0,0,0,0,0,0,0,0,0,0,0,0,0,0,0,0,0,0,0,0,0,0,0,0,0,0,0,0,0,0,0,0,0,0,0,0,0,0,0,0,0,0,0,1,0,0,0,0,0,0,1,0,0,0,0,0,0,0,0,0,0,0,0,0,0,0,0,0,1,0,0,0,0,1,0,0,0,0,0,0,0,0,0
2534342832,104,1,2,0,193,0,1,2,2,0,1,0,0,0,6,0,3,1,285,28,1,3,0,2,0,239,2,0,0,0,0,1,1,0,2,0,0,0,20,1,0,46,0,2,1,0,8,1,0,2,0,0,0,0,0,0,0,0,0,0,8,0,1,1,1,2,1,26,1,3,128,7,0,4,0,0,27,0,0,1,0,0,4,2,1,0,0,7,3,86,0,7,90,1,6,4,139,1,13,3,0,25,40,3,0,32,1,0,16,89,0,0,5,0,6,0,0,6,0,0,118,2,3,3,6
2565936404,0,0,1,0,0,0,0,0,0,0,0,0,0,0,0,0,0,0,0,0,0,0,0,0,0,0,0,0,0,0,0,0,0,0,0,0,0,0,0,0,0,0,0,0,0,0,0,0,0,2,0,0,0,0,0,0,0,0,0,0,0,0,0,1,0,1,0,0,0,0,0,0,0,0,0,0,0,0,0,0,0,0,0,0,0,0,0,0,0,0,0,0,0,0,0,0,0,0,0,0,0,0,0,0,0,0,0,0,0,0,0,0,0,0,0,0,0,0,0,0,0,0,0,0,0
2568960285,0,0,0,0,1,0,0,0,1,0,1,1,0,0,1,0,1,3,3,0,0,0,0,0,0,0,0,0,0,0,0,0,1,1,1,0,0,1,2,1,0,1,1,0,0,0,5,0,0,0,0,1,0,0,0,0,0,0,0,0,2,0,0,0,0,0,1,0,0,3,0,6,0,0,0,0,5,0,2,0,0,0,3,2,0,7,0,0,0,0,0,4,0,0,0,4,0,0,2,0,0,0,0,0,1,0,0,0,0,1,1,0,1,0,4,1,1,0,1,0,0,0,0,0,0
2584178036,4,0,0,0,0,0,0,0,0,0,0,0,0,0,0,0,0,0,2,0,0,0,0,1,0,2,2,0,0,1,0,0,1,3,0,0,0,0,3,0,0,0,0,1,0,0,0,0,0,0,0,0,1,0,0,1,0,0,0,0,0,0,0,1,0,0,0,0,0,0,0,0,1,0,0,0,0,1,0,1,0,1,2,0,0,3,0,0,0,0,0,0,0,0,0,0,2,0,0,0,0,0,0,0,0,0,0,0,0,0,0,0,0,0,0,2,1,0,0,0,0,0,0,1,0
2658420401,21,1,1,0,126,0,1,0,1,1,0,0,0,1,6,0,1,2,42,31,0,0,0,1,0,41,0,0,0,1,0,1,0,0,0,0,0,0,0,1,0,18,2,0,0,0,12,0,0,2,0,0,0,0,0,0,0,0,0,0,1,0,2,1,0,0,1,42,1,1,33,8,1,5,0,0,7,0,0,2,0,0,0,0,0,86,0,0,0,0,0,7,64,0,8,3,43,1,12,1,1,15,12,1,0,11,1,0,19,39,1,0,1,0,1,0,0,0,1,1,11,1,0,2,3
2685871154,0,0,0,0,0,0,0,0,0,0,0,0,0,0,0,0,0,0,0,0,1,1,0,0,0,0,0,0,0,0,0,1,0,0,0,0,0,0,0,0,1,0,0,0,0,0,0,0,0,0,0,0,0,0,0,0,0,1,0,0,0,0,0,0,0,0,0,0,0,0,0,0,0,0,0,0,1,0,0,0,0,0,0,0,0,0,0,0,0,0,0,0,0,0,0,0,0,0,0,0,0,0,0,0,0,0,0,0,0,0,0,0,0,0,0,0,0,0,0,0,0,0,0,0,0
2708308693,0,0,5,1,7,0,0,0,2,0,1,2,0,0,1,1,1,5,11,2,1,0,0,0,0,3,0,0,0,0,0,0,0,0,1,0,0,0,8,2,0,1,1,2,0,1,7,0,0,3,0,1,0,0,1,0,0,1,0,0,4,0,1,13,0,15,3,1,1,5,10,11,0,0,0,0,21,0,7,0,0,0,4,2,0,7,0,4,0,7,0,0,3,0,0,1,2,0,5,0,0,1,0,1,0,0,0,0,0,4,0,1,0,0,6,0,1,0,7,0,0,0,0,3,0
2715213326,27,0,1,0,254,0,0,0,0,0,0,0,0,0,5,0,1,1,26,53,0,0,1,1,0,29,0,0,0,0,0,0,0,0,0,0,0,0,0,1,0,33,0,0,0,0,5,0,0,1,0,0,0,0,0,0,0,0,0,0,0,0,0,1,0,0,0,76,0,0,56,1,0,5,0,0,3,0,0,0,1,0,0,0,1,90,0,0,0,64,0,3,0,0,17,4,57,0,3,2,1,31,18,3,1,31,0,0,46,88,0,0,0,0,0,0,0,3,4,0,28,0,2,0,12
2798979048,0,0,2,0,1,0,0,0,0,0,0,0,0,0,0,0,0,0,1,0,0,0,0,0,0,0,0,0,0,0,0,0,0,0,0,0,0,0,0,0,0,0,0,0,0,0,0,0,0,1,0,0,0,0,0,0,0,0,0,0,0,0,0,0,0,1,0,0,0,0,1,0,0,0,0,0,0,0,1,0,0,0,1,0,0,1,0,0,0,0,0,0,0,0,0,0,0,0,0,0,0,0,0,0,0,0,0,0,0,0,0,0,0,0,0,0,0,0,0,0,0,0,0,0,0
2806775116,4,0,0,0,16,0,0,0,0,0,0,0,0,0,3,0,0,0,1,1,0,0,0,0,0,6,0,0,0,0,0,0,0,1,0,0,0,0,0,0,0,10,0,0,0,0,0,0,0,0,0,0,0,0,0,0,0,0,0,0,0,0,0,0,0,0,0,4,0,0,5,0,0,3,0,0,1,0,0,0,0,0,0,0,0,6,0,0,0,8,0,0,17,0,0,1,6,0,0,2,0,10,3,0,0,7,0,0,3,8,0,0,0,0,0,0,0,0,1,0,1,0,0,0,0
2831172226,1,0,0,0,5,0,0,0,0,0,0,0,0,0,0,0,0,1,1,1,0,0,0,0,0,2,0,0,0,0,0,0,0,0,0,0,0,3,1,0,0,2,0,0,0,0,1,0,0,0,0,0,0,0,0,0,0,0,0,0,0,0,0,0,0,0,0,3,0,0,3,0,0,0,0,0,1,0,0,0,0,0,0,0,0,4,0,4,0,3,0,1,4,0,1,0,2,0,0,0,0,2,2,0,0,1,0,0,2,2,0,0,0,0,1,0,0,0,0,0,0,0,0,0,1
2845021300,47,2,1,0,137,0,2,0,0,0,0,0,0,0,7,0,1,0,56,26,0,0,0,0,0,64,8,0,0,0,0,0,0,0,0,0,0,0,4,1,0,27,0,0,0,0,2,0,0,1,0,0,0,0,0,0,0,0,0,0,0,0,0,2,0,4,2,25,0,12,76,0,0,2,1,0,14,0,0,0,0,0,5,1,0,139,0,0,2,43,0,2,57,0,6,2,0,0,2,2,0,24,14,1,0,32,0,0,15,61,0,0,3,0,2,0,0,6,1,0,46,0,4,0,5
2903479080,0,2,0,0,0,0,0,0,0,0,0,0,0,0,0,0,0,0,0,0,0,0,0,0,0,0,0,0,0,0,0,0,0,0,0,0,0,0,0,0,0,0,0,0,0,0,0,0,0,0,0,0,0,0,0,0,0,0,0,0,0,0,0,0,0,1,0,0,0,0,0,0,0,0,0,0,1,0,0,0,0,0,0,0,0,1,0,0,0,1,0,0,0,0,0,0,0,0,0,0,0,0,0,0,0,0,0,0,0,0,0,0,0,0,1,0,0,0,0,0,0,0,0,0,0
2935492656,1,1,0,0,13,0,1,0,1,0,0,1,0,0,2,0,1,2,7,3,0,1,0,1,0,5,1,0,0,0,0,0,0,0,0,0,0,0,7,1,0,5,1,0,1,0,10,0,0,1,0,0,0,0,0,0,0,1,0,0,0,0,0,0,0,0,2,0,1,2,8,8,1,1,0,0,4,0,1,1,1,0,2,0,0,13,0,2,0,12,0,5,3,0,0,0,2,0,0,1,0,2,0,3,0,0,0,0,0,3,0,0,1,0,6,0,1,0,0,0,1,0,0,1,1
2970485691,4,0,0,0,2,0,0,0,0,0,0,0,0,0,0,0,0,0,3,1,0,0,0,1,0,3,1,0,0,0,0,0,0,0,0,0,0,0,1,0,0,2,0,0,0,0,1,0,0,1,0,0,0,0,0,0,0,0,0,0,0,0,0,1,0,0,0,0,0,0,2,1,0,1,0,0,2,0,0,0,0,0,0,0,0,3,0,0,0,1,0,0,2,0,2,0,2,0,1,0,0,1,0,0,0,0,0,0,0,1,0,0,0,0,1,0,0,0,0,0,0,0,0,0,0
3015895638,0,0,0,0,0,0,0,0,0,0,0,0,0,0,0,0,0,0,0,0,0,0,0,0,0,0,0,0,0,0,0,0,0,0,0,0,0,0,0,0,0,0,0,0,0,0,0,0,0,0,0,0,0,0,0,0,0,0,0,0,0,0,0,0,0,0,0,1,0,0,1,0,0,0,0,0,0,0,0,0,0,0,0,0,0,0,0,0,0,1,0,0,1,0,0,0,0,0,0,0,0,0,0,0,0,0,0,0,1,1,0,0,0,0,0,0,0,0,0,0,0,0,0,0,0
3022193149,15,0,0,0,39,0,1,0,0,1,0,0,0,0,2,0,0,0,8,18,0,0,0,0,0,11,0,0,0,0,0,0,0,0,0,0,0,0,1,1,0,21,0,0,0,0,0,0,0,1,0,0,0,0,0,0,0,0,0,0,0,0,0,0,0,0,0,10,0,0,20,0,0,3,0,0,0,0,0,0,0,0,0,0,0,25,0,0,0,15,0,1,31,0,10,2,24,0,2,1,0,0,6,1,0,15,0,0,8,26,0,0,0,0,0,0,0,0,0,0,15,0,0,0,4
3038116383,13,1,0,0,18,0,0,0,0,0,0,0,0,0,3,0,0,0,15,3,0,0,0,0,0,22,1,0,0,0,0,0,1,0,1,0,0,0,1,0,0,14,0,1,0,0,3,0,0,0,0,0,0,0,0,0,0,0,0,0,0,0,0,0,0,0,1,6,0,0,18,0,0,2,0,0,2,0,0,0,0,0,0,0,0,40,0,0,0,12,0,0,18,0,3,2,14,0,0,0,0,6,0,0,0,10,0,0,3,19,0,0,0,0,1,0,0,1,0,0,16,0,0,0,2
3039721373,0,1,2,0,3,0,0,0,0,0,0,0,0,0,0,0,0,0,0,2,0,1,1,0,0,1,0,0,0,0,0,0,0,0,1,0,0,0,1,0,0,1,0,0,0,0,0,0,0,0,0,0,0,0,0,0,0,1,0,0,0,0,0,2,1,1,0,2,2,0,2,0,0,0,0,0,1,0,0,0,0,0,0,0,0,3,0,0,0,1,0,1,3,0,0,0,1,0,3,0,0,1,0,0,0,1,0,0,0,2,0,0,0,0,0,1,0,0,0,0,1,0,0,0,0
3041759534,0,0,0,0,0,0,0,0,0,0,0,1,0,0,0,0,0,0,0,0,1,0,0,0,0,0,0,0,0,0,0,0,0,0,0,0,0,0,0,0,0,0,0,0,0,0,0,0,0,0,0,0,0,0,0,0,0,0,0,0,1,0,0,0,0,0,0,0,0,1,0,2,0,0,0,0,1,0,0,0,0,0,3,0,0,0,0,1,0,0,0,0,1,0,0,0,0,0,0,0,0,0,0,0,0,0,0,0,0,0,0,0,0,0,1,0,0,0,0,0,0,0,0,0,0
3043915019,12,0,0,0,32,0,0,0,0,0,0,0,0,0,2,0,0,0,10,6,0,0,0,0,0,9,0,0,0,0,0,0,0,0,0,0,0,0,0,0,0,26,0,0,0,0,0,1,0,0,0,0,0,0,0,0,0,0,0,0,0,0,0,0,0,0,0,10,0,0,25,0,0,3,0,0,0,0,0,0,0,0,0,0,0,32,0,0,0,11,0,0,31,0,7,1,32,0,0,0,0,15,10,1,0,0,0,0,16,36,0,0,0,0,0,0,0,3,1,0,14,0,1,1,5
3071440342,0,0,0,0,0,0,0,0,1,0,0,0,0,0,0,0,0,0,0,0,0,1,0,1,0,0,0,0,0,0,0,0,0,0,0,0,0,1,2,0,0,0,0,1,0,0,1,0,0,0,0,0,0,0,0,0,0,0,0,0,0,0,0,0,0,0,0,0,0,0,0,1,0,0,0,0,2,0,1,0,0,0,0,0,0,1,0,0,0,1,0,0,0,0,0,0,0,0,0,0,0,0,0,0,0,0,0,0,0,1,0,0,0,0,0,0,0,0,0,0,0,0,0,0,0
3102023268,0,0,0,0,0,0,0,0,0,0,0,0,0,0,0,0,0,0,1,0,0,1,0,0,0,0,0,0,0,0,0,0,0,0,0,0,0,0,0,0,0,0,0,0,0,0,0,0,0,0,0,0,0,0,0,0,0,0,0,0,0,0,0,1,0,0,0,0,0,0,0,0,0,0,0,0,0,0,0,0,0,0,0,0,0,0,0,0,0,0,0,0,0,0,0,0,0,0,0,0,0,0,0,0,0,0,0,0,0,0,0,0,0,0,0,0,0,0,0,0,0,0,0,0,0
3119138842,9,0,0,0,54,0,0,0,0,0,0,0,0,0,1,0,0,0,2,11,0,0,0,0,0,3,0,0,0,0,0,0,0,0,0,0,0,0,0,0,0,14,0,0,0,0,0,0,0,1,0,0,0,0,0,0,0,0,0,0,0,0,0,0,0,0,0,20,0,0,15,0,0,2,0,0,0,0,0,0,0,0,0,0,0,16,0,0,0,19,0,0,46,0,3,2,15,0,0,0,1,8,3,0,0,16,0,0,0,22,0,0,0,0,0,0,0,1,0,0,2,0,0,0,4
3131055880,32,0,0,0,117,0,0,0,0,0,0,0,0,0,5,0,0,1,32,25,0,0,0,0,0,37,1,0,0,0,0,0,0,0,0,0,0,0,1,0,0,30,0,0,0,0,3,0,0,1,0,0,0,0,0,0,0,0,0,0,0,0,0,1,0,1,0,36,0,0,50,1,0,5,1,0,2,0,0,0,0,0,0,0,0,89,0,1,0,39,0,4,88,0,8,2,61,0,3,1,1,26,19,2,0,36,1,0,22,0,0,0,1,0,2,0,0,1,2,0,34,0,1,0,7
3150327612,0,1,1,0,0,0,0,0,0,0,0,0,0,0,1,0,1,0,0,0,0,0,0,0,0,0,0,0,0,0,0,0,0,0,1,0,0,0,0,1,0,0,0,1,0,0,1,0,0,0,0,0,0,0,0,0,0,0,1,0,0,0,1,1,0,1,0,0,0,0,0,0,2,0,0,1,1,0,0,1,0,0,1,0,1,0,0,1,0,1,0,0,0,0,0,0,0,0,0,0,0,0,0,0,0,0,0,0,0,0,0,0,0,0,0,2,0,0,1,0,0,1,0,1,0
3164632718,0,0,0,0,0,0,0,0,0,0,0,0,0,0,0,0,0,0,0,0,0,0,0,0,0,0,0,0,0,0,0,0,0,0,0,0,0,0,0,0,0,0,0,0,0,0,0,0,0,0,0,0,0,0,0,0,0,0,0,0,0,0,0,0,0,0,0,0,0,0,0,0,0,0,0,0,0,0,0,0,0,0,0,0,0,0,0,0,0,0,0,1,0,0,0,0,0,0,0,0,0,0,0,0,0,0,0,0,0,0,0,0,0,0,0,0,0,0,0,0,0,0,0,0,0
3181603264,1,0,0,0,3,0,0,0,0,0,0,0,0,0,0,0,0,1,3,0,0,0,0,0,0,3,0,0,0,0,0,0,0,0,0,0,0,0,0,0,0,0,1,0,0,0,1,0,0,0,0,0,0,0,0,0,0,0,0,0,0,0,0,0,0,0,0,0,0,1,1,1,0,0,0,0,0,0,0,0,0,0,1,0,0,5,0,1,0,1,0,0,0,0,0,0,3,0,1,0,0,0,0,0,0,0,0,0,0,1,0,0,0,0,1,0,0,0,0,0,1,0,0,0,0
3191431412,0,0,0,0,0,0,0,0,0,0,0,0,0,0,0,0,0,0,0,0,0,0,0,0,0,0,0,0,0,0,0,0,0,0,0,0,0,0,1,0,0,0,0,0,0,0,0,0,0,0,0,0,0,0,0,0,0,0,0,0,0,0,0,0,0,0,0,0,0,0,0,0,0,0,0,0,0,0,0,0,0,0,1,0,0,0,0,0,0,0,0,0,0,0,0,0,0,0,0,0,0,0,0,0,0,0,0,0,0,0,0,0,0,0,0,0,0,0,0,0,0,0,0,0,0
3217290237,0,5,7,1,8,0,0,0,5,0,1,1,0,0,2,0,3,5,4,0,0,0,1,4,0,0,7,1,0,0,0,0,1,0,2,0,0,0,24,7,0,0,5,6,0,2,16,0,0,0,0,0,0,0,0,0,0,5,0,0,6,0,2,0,0,6,5,0,0,7,8,5,0,0,1,0,30,0,3,0,0,0,9,1,0,6,0,4,0,1,0,6,0,0,0,1,2,1,6,1,0,0,1,0,1,0,0,0,0,2,0,0,1,0,0,3,1,2,0,0,0,0,0,2,0
3224829778,0,3,5,0,0,0,0,1,0,0,0,0,0,0,0,0,0,0,0,0,0,0,0,2,0,0,2,1,0,0,0,0,0,0,3,1,0,0,3,2,0,0,0,3,0,0,1,0,0,1,0,0,0,2,0,0,0,4,0,0,1,0,0,0,1,3,0,0,0,2,3,0,0,0,0,0,7,0,0,0,0,0,3,0,1,0,0,1,2,0,0,0,0,0,0,0,0,0,0,0,0,0,0,1,0,0,0,0,0,0,2,0,0,0,3,0,0,0,0,0,0,0,0,1,0
3231010562,0,0,0,0,0,0,0,1,0,0,0,1,0,0,1,0,0,1,1,0,0,0,0,0,0,1,1,0,0,0,0,0,0,1,0,0,0,0,0,1,0,0,0,0,0,0,0,1,0,0,0,0,0,0,0,0,0,0,0,0,0,0,0,0,0,0,1,0,0,1,0,1,1,0,0,0,1,0,1,1,0,1,2,0,0,0,0,1,1,0,0,1,0,0,0,0,0,0,1,0,0,0,0,0,0,0,0,0,0,0,0,0,0,0,1,0,0,0,0,0,0,0,0,1,0
3245355291,0,1,0,0,10,0,0,0,0,0,0,0,0,0,0,0,1,0,0,1,0,0,0,1,0,0,0,0,0,0,0,0,0,0,0,0,0,0,0,0,0,1,0,1,0,0,0,0,0,0,0,0,0,0,0,0,0,0,0,0,0,0,0,0,0,0,0,0,0,0,12,0,0,0,0,0,0,0,0,0,0,0,0,0,0,6,0,0,0,0,0,0,3,0,0,0,6,0,0,0,0,0,1,0,0,3,0,0,1,1,0,0,0,0,2,0,0,0,0,0,1,0,0,0,0
3248746786,0,0,1,0,1,0,0,0,0,0,0,0,0,0,1,0,0,0,0,1,0,0,0,0,0,0,1,0,0,0,1,0,0,0,1,0,0,0,0,0,0,1,0,0,0,1,0,0,0,0,0,0,0,2,0,0,0,0,0,0,0,0,0,0,0,1,0,1,0,0,0,0,0,0,0,0,1,0,2,0,0,0,0,0,0,0,0,1,0,1,0,7,4,0,1,0,1,0,0,0,0,0,0,0,0,1,0,0,0,2,1,0,0,0,0,0,0,0,0,0,0,0,0,2,0
3258396847,0,0,0,0,0,0,0,0,0,0,0,0,0,0,0,0,0,0,0,0,0,0,0,0,0,0,0,0,0,0,0,0,0,0,0,0,0,0,0,0,0,0,1,0,0,0,0,0,0,0,0,0,0,0,0,0,0,0,0,0,0,0,0,0,0,0,0,0,0,0,0,0,0,0,0,0,0,0,0,0,0,0,0,0,0,0,0,0,0,1,0,0,0,0,0,0,0,0,0,0,0,0,0,0,0,0,0,0,0,0,0,0,0,0,0,0,0,0,0,0,0,0,0,0,0
3271904619,41,1,1,0,34,0,0,0,0,0,0,0,0,0,2,0,0,1,60,7,0,0,0,0,0,36,0,0,0,0,0,0,0,1,0,0,0,0,1,2,0,19,0,1,0,0,2,2,0,0,0,0,0,0,0,0,0,0,0,0,0,0,0,1,0,0,0,3,0,0,65,0,0,0,0,0,1,0,0,0,0,0,0,0,0,118,0,0,0,11,0,0,28,0,1,0,46,0,1,0,0,15,16,1,0,14,0,0,2,34,0,0,1,0,0,0,0,1,0,0,0,0,2,0,0
3304420079,0,1,0,0,0,0,0,0,0,0,0,0,0,0,0,0,1,0,0,0,0,0,0,0,0,0,0,0,0,0,0,0,0,0,0,0,0,0,1,1,0,0,0,0,0,0,1,1,0,0,0,0,0,0,0,0,0,0,0,0,0,0,1,0,0,0,0,0,0,0,1,0,1,0,0,0,0,0,0,1,0,0,0,0,0,2,0,0,0,1,0,0,0,0,0,0,0,0,0,0,0,0,0,0,0,0,0,0,0,0,1,0,0,0,0,0,0,0,0,0,0,0,0,1,0
3342381723,1,0,0,0,1,0,0,0,0,0,0,0,0,0,0,0,0,0,2,0,0,0,0,0,0,1,0,0,0,0,0,0,0,0,0,0,0,0,0,0,0,0,0,0,0,0,0,0,0,0,0,0,0,0,0,0,0,0,0,0,0,0,0,0,0,0,0,0,0,0,2,0,0,0,0,0,0,0,0,0,0,0,0,0,0,3,0,0,0,0,0,0,2,0,0,0,4,0,0,0,0,0,0,0,0,1,0,0,0,1,0,0,0,0,0,0,0,0,0,0,2,0,0,0,0
3353633032,0,1,1,2,0,0,1,1,1,0,0,0,0,0,0,0,2,1,1,0,0,0,1,0,0,1,2,0,0,0,1,0,0,1,0,0,0,0,3,2,0,0,2,2,0,1,2,0,0,0,0,0,0,0,0,0,0,0,0,0,1,0,3,0,0,3,1,0,1,0,7,2,2,0,0,0,6,0,0,2,0,1,5,0,0,3,0,0,1,2,0,3,0,0,0,0,0,0,1,0,0,0,0,0,0,1,0,0,0,0,1,0,0,0,2,1,1,0,2,0,0,1,0,0,0
3361503233,3,0,0,0,9,0,0,0,0,0,0,0,0,0,0,0,0,0,1,4,0,0,0,0,0,3,0,0,0,0,0,0,0,0,0,0,0,0,0,0,0,5,0,0,0,0,0,1,0,0,0,0,0,0,0,0,0,0,0,0,0,0,0,0,0,0,0,3,0,0,4,0,0,1,0,0,0,0,0,0,0,0,0,0,0,6,0,0,0,3,0,0,12,0,0,1,5,0,1,0,0,4,2,0,0,5,0,0,4,7,0,0,0,0,0,0,0,0,0,0,0,0,0,0,0
