,User_ID_x,User_ID_y,Weights
0,14303077,16717148,2
1,14303077,25963806,2
2,14303077,68599588,3
3,14303077,76514412,1
4,14303077,87693992,1
5,14303077,118915743,1
6,14303077,128633483,1
7,14303077,142142545,1
8,14303077,142947693,1
9,14303077,206972203,1
10,14303077,226521605,1
11,14303077,438862536,1
12,14303077,531598198,3
13,14303077,822476942,1
14,14303077,1174456664,1
15,14303077,1184640014,1
16,14303077,2375662682,1
17,14303077,2417189972,1
18,14303077,2427549086,1
19,15705283,68599588,1
20,15705283,438862536,2
21,15705283,1605668706,1
22,15705283,1916081982,1
23,15705283,2993036154,1
24,16717148,14303077,2
25,16717148,17180291,1
26,16717148,25963806,3
27,16717148,33856647,1
28,16717148,68599588,1
29,16717148,87693992,1
30,16717148,89561713,1
31,16717148,108419139,1
32,16717148,118915743,1
33,16717148,142947693,3
34,16717148,227339617,1
35,16717148,305567341,2
36,16717148,438862536,1
37,16717148,822476942,4
38,16717148,1174456664,1
39,16717148,1184640014,2
40,16717148,1383038924,2
41,16717148,1605668706,1
42,16717148,2417189972,1
43,16717148,2579979278,3
44,16717148,2595966508,6
45,16717148,2931714486,1
46,16717148,2993036154,1
47,17180291,16717148,1
48,17180291,25963806,6
49,17180291,33856647,8
50,17180291,37794539,1
51,17180291,52436759,15
52,17180291,68599588,3
53,17180291,76514412,2
54,17180291,87693992,13
55,17180291,118915743,5
56,17180291,125036205,2
57,17180291,128633483,2
58,17180291,142947693,9
59,17180291,206972203,20
60,17180291,226521605,21
61,17180291,227339617,5
62,17180291,245308991,1
63,17180291,305567341,3
64,17180291,382153540,16
65,17180291,438862536,31
66,17180291,621996473,5
67,17180291,822476942,7
68,17180291,955698157,42
69,17180291,1174456664,2
70,17180291,1184640014,3
71,17180291,1605668706,3
72,17180291,1916081982,3
73,17180291,2375662682,6
74,17180291,2391870344,6
75,17180291,2417189972,4
76,17180291,2470409048,2
77,17180291,2579979278,8
78,17180291,2595966508,29
79,17180291,2931714486,1
80,17180291,2993036154,33
81,17180291,2997750360,2
82,17180291,3111012179,1
83,17180291,3292215519,1
84,25697311,68599588,2
85,25697311,438862536,1
86,25697311,531598198,1
87,25697311,955698157,1
88,25697311,1383038924,1
89,25697311,1605668706,1
90,25697311,1916081982,1
91,25963806,14303077,2
92,25963806,16717148,3
93,25963806,17180291,6
94,25963806,33856647,9
95,25963806,52436759,7
96,25963806,68599588,1
97,25963806,87693992,6
98,25963806,89561713,1
99,25963806,108419139,3
100,25963806,118915743,3
101,25963806,128633483,1
102,25963806,142142545,1
103,25963806,142947693,17
104,25963806,206972203,4
105,25963806,226521605,6
106,25963806,227339617,7
107,25963806,245308991,1
108,25963806,305567341,47
109,25963806,382153540,7
110,25963806,438862536,6
111,25963806,531598198,4
112,25963806,621996473,3
113,25963806,822476942,95
114,25963806,955698157,10
115,25963806,1174456664,5
116,25963806,1184640014,4
117,25963806,1383038924,5
118,25963806,1605668706,1
119,25963806,1916081982,5
120,25963806,2375662682,7
121,25963806,2391870344,5
122,25963806,2427549086,2
123,25963806,2470409048,4
124,25963806,2579979278,60
125,25963806,2595966508,12
126,25963806,2931714486,2
127,25963806,2993036154,6
128,25963806,2997750360,22
129,25963806,3111012179,1
130,33856647,16717148,1
131,33856647,17180291,8
132,33856647,25963806,9
133,33856647,37794539,1
134,33856647,68599588,2
135,33856647,76514412,1
136,33856647,87693992,13
137,33856647,89561713,2
138,33856647,118915743,8
139,33856647,125036205,1
140,33856647,142947693,14
141,33856647,206972203,6
142,33856647,226521605,10
143,33856647,227339617,5
144,33856647,305567341,5
145,33856647,319931473,3
146,33856647,382153540,3
147,33856647,438862536,18
148,33856647,531598198,9
149,33856647,621996473,5
150,33856647,822476942,6
151,33856647,955698157,16
152,33856647,1174456664,3
153,33856647,1184640014,9
154,33856647,1383038924,1
155,33856647,1605668706,3
156,33856647,1916081982,2
157,33856647,2375662682,19
158,33856647,2391870344,3
159,33856647,2417189972,8
160,33856647,2427549086,2
161,33856647,2470409048,4
162,33856647,2579979278,7
163,33856647,2595966508,19
164,33856647,2993036154,15
165,33856647,2997750360,2
166,33856647,3111012179,1
167,33856647,3243259442,1
168,37794539,17180291,1
169,37794539,33856647,1
170,37794539,76514412,1
171,37794539,87693992,2
172,37794539,118915743,1
173,37794539,226521605,1
174,37794539,438862536,2
175,37794539,531598198,2
176,37794539,621996473,3
177,37794539,822476942,2
178,37794539,1184640014,1
179,37794539,2149562384,1
180,37794539,2391870344,18
181,37794539,2417189972,2
182,37794539,2595966508,3
183,37794539,2650787508,1
184,49875978,87693992,1
185,49875978,319931473,5
186,49875978,438862536,1
187,49875978,531598198,2
188,49875978,621996473,1
189,49875978,955698157,1
190,49875978,2391870344,1
191,49875978,2650787508,1
192,52436759,17180291,15
193,52436759,25963806,7
194,52436759,68599588,4
195,52436759,76514412,1
196,52436759,87693992,4
197,52436759,89561713,1
198,52436759,118915743,3
199,52436759,125036205,4
200,52436759,128633483,5
201,52436759,142947693,3
202,52436759,206972203,9
203,52436759,226521605,5
204,52436759,227339617,5
205,52436759,245308991,3
206,52436759,305567341,5
207,52436759,382153540,26
208,52436759,438862536,7
209,52436759,531598198,1
210,52436759,563613307,1
211,52436759,621996473,6
212,52436759,636611445,1
213,52436759,734560633,1
214,52436759,822476942,2
215,52436759,955698157,12
216,52436759,1174456664,6
217,52436759,1184640014,2
218,52436759,1605668706,1
219,52436759,2149562384,2
220,52436759,2375662682,1
221,52436759,2391870344,10
222,52436759,2417189972,6
223,52436759,2427549086,2
224,52436759,2470409048,1
225,52436759,2579979278,7
226,52436759,2595966508,25
227,52436759,2993036154,7
228,52436759,3111012179,1
229,52436759,3243259442,2
230,55650895,87693992,1
231,55650895,142142545,1
232,55650895,185360779,1
233,55650895,227339617,1
234,55650895,438862536,1
235,55650895,1174456664,1
236,55650895,1184640014,1
237,55650895,2417189972,1
238,68599588,14303077,3
239,68599588,15705283,1
240,68599588,16717148,1
241,68599588,17180291,3
242,68599588,25697311,2
243,68599588,25963806,1
244,68599588,33856647,2
245,68599588,52436759,4
246,68599588,87693992,17
247,68599588,89561713,1
248,68599588,118915743,7
249,68599588,125036205,2
250,68599588,126008063,2
251,68599588,142947693,2
252,68599588,206972203,8
253,68599588,226521605,14
254,68599588,227339617,3
255,68599588,305567341,2
256,68599588,319931473,1
257,68599588,382153540,3
258,68599588,438862536,15
259,68599588,531598198,4
260,68599588,621996473,6
261,68599588,636611445,3
262,68599588,822476942,4
263,68599588,955698157,2
264,68599588,1184640014,3
265,68599588,1383038924,3
266,68599588,1605668706,1
267,68599588,1916081982,4
268,68599588,2375662682,3
269,68599588,2391870344,8
270,68599588,2417189972,9
271,68599588,2427549086,1
272,68599588,2470409048,1
273,68599588,2579979278,1
274,68599588,2595966508,5
275,68599588,2650787508,1
276,68599588,2993036154,5
277,68599588,2997750360,2
278,68599588,3111012179,1
279,76514412,14303077,1
280,76514412,17180291,2
281,76514412,33856647,1
282,76514412,37794539,1
283,76514412,52436759,1
284,76514412,87693992,1
285,76514412,89561713,12
286,76514412,128633483,25
287,76514412,199879420,2
288,76514412,206972203,1
289,76514412,226521605,3
290,76514412,254744099,19
291,76514412,319931473,12
292,76514412,531598198,195
293,76514412,611937922,1
294,76514412,621996473,2
295,76514412,636611445,51
296,76514412,822476942,3
297,76514412,1184640014,9
298,76514412,1916081982,1
299,76514412,2391870344,8
300,76514412,2417189972,1
301,76514412,2427549086,3
302,76514412,2579979278,1
303,76514412,2595966508,2
304,76514412,2650787508,1
305,76514412,2993036154,2
306,76514412,3243259442,1
307,87693992,14303077,1
308,87693992,16717148,1
309,87693992,17180291,13
310,87693992,25963806,6
311,87693992,33856647,13
312,87693992,37794539,2
313,87693992,49875978,1
314,87693992,52436759,4
315,87693992,55650895,1
316,87693992,68599588,17
317,87693992,76514412,1
318,87693992,89561713,5
319,87693992,118915743,18
320,87693992,125036205,5
321,87693992,126008063,1
322,87693992,128633483,2
323,87693992,142947693,14
324,87693992,185360779,1
325,87693992,206972203,7
326,87693992,226521605,18
327,87693992,227339617,8
328,87693992,305567341,1
329,87693992,319931473,2
330,87693992,382153540,9
331,87693992,438862536,43
332,87693992,531598198,17
333,87693992,611937922,2
334,87693992,621996473,40
335,87693992,636611445,11
336,87693992,822476942,39
337,87693992,955698157,9
338,87693992,1174456664,3
339,87693992,1184640014,51
340,87693992,1383038924,1
341,87693992,1605668706,15
342,87693992,1916081982,13
343,87693992,2232982311,2
344,87693992,2375662682,27
345,87693992,2391870344,70
346,87693992,2417189972,15
347,87693992,2427549086,2
348,87693992,2579979278,6
349,87693992,2595966508,34
350,87693992,2993036154,34
351,87693992,2997750360,10
352,87693992,3111012179,2
353,87693992,3243259442,9
354,89561713,16717148,1
355,89561713,25963806,1
356,89561713,33856647,2
357,89561713,52436759,1
358,89561713,68599588,1
359,89561713,76514412,12
360,89561713,87693992,5
361,89561713,118915743,3
362,89561713,125036205,1
363,89561713,128633483,34
364,89561713,142142545,1
365,89561713,142947693,1
366,89561713,185360779,1
367,89561713,199879420,1
368,89561713,206972203,4
369,89561713,226521605,8
370,89561713,227339617,1
371,89561713,254744099,6
372,89561713,305567341,1
373,89561713,319931473,6
374,89561713,382153540,4
375,89561713,438862536,3
376,89561713,531598198,42
377,89561713,621996473,1
378,89561713,636611445,22
379,89561713,822476942,5
380,89561713,1174456664,1
381,89561713,1184640014,6
382,89561713,1383038924,2
383,89561713,1605668706,1
384,89561713,1916081982,2
385,89561713,2375662682,4
386,89561713,2391870344,6
387,89561713,2417189972,6
388,89561713,2579979278,2
389,89561713,2595966508,6
390,89561713,2993036154,5
391,89561713,2997750360,1
392,108419139,16717148,1
393,108419139,25963806,3
394,108419139,142947693,1
395,108419139,227339617,1
396,108419139,822476942,2
397,108419139,1383038924,1
398,108419139,1916081982,1
399,108419139,2579979278,4
400,108419139,2931714486,1
401,108419139,2993036154,1
402,108419139,2997750360,1
403,118915743,14303077,1
404,118915743,16717148,1
405,118915743,17180291,5
406,118915743,25963806,3
407,118915743,33856647,8
408,118915743,37794539,1
409,118915743,52436759,3
410,118915743,68599588,7
411,118915743,87693992,18
412,118915743,89561713,3
413,118915743,125036205,2
414,118915743,142947693,13
415,118915743,206972203,6
416,118915743,226521605,14
417,118915743,227339617,3
418,118915743,305567341,1
419,118915743,319931473,1
420,118915743,382153540,3
421,118915743,438862536,8
422,118915743,531598198,4
423,118915743,621996473,6
424,118915743,636611445,1
425,118915743,822476942,3
426,118915743,955698157,3
427,118915743,1184640014,5
428,118915743,1383038924,1
429,118915743,1605668706,2
430,118915743,1916081982,2
431,118915743,2232982311,1
432,118915743,2375662682,8
433,118915743,2391870344,14
434,118915743,2417189972,3
435,118915743,2470409048,1
436,118915743,2579979278,3
437,118915743,2595966508,8
438,118915743,2993036154,10
439,118915743,2997750360,1
440,118915743,3111012179,2
441,118915743,3243259442,1
442,125036205,17180291,2
443,125036205,33856647,1
444,125036205,52436759,4
445,125036205,68599588,2
446,125036205,87693992,5
447,125036205,89561713,1
448,125036205,118915743,2
449,125036205,206972203,3
450,125036205,226521605,2
451,125036205,227339617,4
452,125036205,305567341,2
453,125036205,319931473,1
454,125036205,382153540,11
455,125036205,438862536,3
456,125036205,531598198,3
457,125036205,563613307,1
458,125036205,621996473,2
459,125036205,822476942,1
460,125036205,955698157,3
461,125036205,1174456664,6
462,125036205,1184640014,8
463,125036205,1383038924,1
464,125036205,1605668706,2
465,125036205,1916081982,1
466,125036205,2375662682,3
467,125036205,2391870344,2
468,125036205,2417189972,4
469,125036205,2470409048,1
470,125036205,2595966508,15
471,125036205,2993036154,4
472,126008063,68599588,2
473,126008063,87693992,1
474,128633483,14303077,1
475,128633483,17180291,2
476,128633483,25963806,1
477,128633483,52436759,5
478,128633483,76514412,25
479,128633483,87693992,2
480,128633483,89561713,34
481,128633483,206972203,1
482,128633483,226521605,2
483,128633483,254744099,4
484,128633483,319931473,18
485,128633483,382153540,1
486,128633483,531598198,35
487,128633483,636611445,17
488,128633483,822476942,2
489,128633483,1174456664,1
490,128633483,1184640014,1
491,128633483,2375662682,1
492,128633483,2391870344,2
493,128633483,2579979278,3
494,128633483,2595966508,2
495,142142545,14303077,1
496,142142545,25963806,1
497,142142545,55650895,1
498,142142545,89561713,1
499,142142545,206972203,1
500,142142545,226521605,1
501,142142545,227339617,1
502,142142545,305567341,1
503,142142545,438862536,2
504,142142545,531598198,1
505,142142545,1174456664,4
506,142142545,1184640014,1
507,142142545,1605668706,1
508,142142545,1916081982,1
509,142142545,2375662682,1
510,142142545,2391870344,1
511,142142545,2417189972,1
512,142142545,2427549086,1
513,142142545,3243259442,1
514,142947693,14303077,1
515,142947693,16717148,3
516,142947693,17180291,9
517,142947693,25963806,17
518,142947693,33856647,14
519,142947693,52436759,3
520,142947693,68599588,2
521,142947693,87693992,14
522,142947693,89561713,1
523,142947693,108419139,1
524,142947693,118915743,13
525,142947693,206972203,6
526,142947693,226521605,11
527,142947693,227339617,9
528,142947693,305567341,2
529,142947693,319931473,1
530,142947693,382153540,1
531,142947693,438862536,17
532,142947693,531598198,8
533,142947693,621996473,15
534,142947693,822476942,46
535,142947693,955698157,10
536,142947693,1174456664,4
537,142947693,1184640014,21
538,142947693,1383038924,2
539,142947693,1605668706,4
540,142947693,1916081982,10
541,142947693,2232982311,1
542,142947693,2375662682,15
543,142947693,2391870344,11
544,142947693,2417189972,7
545,142947693,2427549086,3
546,142947693,2579979278,16
547,142947693,2595966508,20
548,142947693,2931714486,2
549,142947693,2993036154,33
550,142947693,2997750360,3
551,142947693,3111012179,1
552,142947693,3243259442,3
553,142947693,3292215519,1
554,185360779,55650895,1
555,185360779,87693992,1
556,185360779,89561713,1
557,185360779,254744099,1
558,185360779,305567341,1
559,185360779,636611445,1
560,185360779,1184640014,1
561,185360779,1605668706,1
562,185360779,2375662682,2
563,185360779,2417189972,1
564,185360779,2595966508,1
565,185360779,2650787508,1
566,199879420,76514412,2
567,199879420,89561713,1
568,199879420,254744099,1
569,199879420,438862536,1
570,199879420,531598198,4
571,199879420,636611445,2
572,199879420,2997750360,1
573,206972203,14303077,1
574,206972203,17180291,20
575,206972203,25963806,4
576,206972203,33856647,6
577,206972203,52436759,9
578,206972203,68599588,8
579,206972203,76514412,1
580,206972203,87693992,7
581,206972203,89561713,4
582,206972203,118915743,6
583,206972203,125036205,3
584,206972203,128633483,1
585,206972203,142142545,1
586,206972203,142947693,6
587,206972203,226521605,15
588,206972203,227339617,1
589,206972203,305567341,4
590,206972203,382153540,12
591,206972203,438862536,25
592,206972203,531598198,5
593,206972203,621996473,3
594,206972203,822476942,2
595,206972203,955698157,20
596,206972203,1174456664,3
597,206972203,1184640014,6
598,206972203,1383038924,2
599,206972203,1605668706,1
600,206972203,1916081982,5
601,206972203,2149562384,1
602,206972203,2375662682,6
603,206972203,2391870344,28
604,206972203,2417189972,4
605,206972203,2470409048,1
606,206972203,2579979278,3
607,206972203,2595966508,5
608,206972203,2650787508,1
609,206972203,2931714486,1
610,206972203,2993036154,14
611,206972203,3111012179,1
612,226521605,14303077,1
613,226521605,17180291,21
614,226521605,25963806,6
615,226521605,33856647,10
616,226521605,37794539,1
617,226521605,52436759,5
618,226521605,68599588,14
619,226521605,76514412,3
620,226521605,87693992,18
621,226521605,89561713,8
622,226521605,118915743,14
623,226521605,125036205,2
624,226521605,128633483,2
625,226521605,142142545,1
626,226521605,142947693,11
627,226521605,206972203,15
628,226521605,227339617,6
629,226521605,305567341,1
630,226521605,319931473,1
631,226521605,382153540,11
632,226521605,438862536,18
633,226521605,531598198,6
634,226521605,621996473,3
635,226521605,636611445,2
636,226521605,822476942,13
637,226521605,955698157,18
638,226521605,1174456664,2
639,226521605,1184640014,4
640,226521605,1383038924,5
641,226521605,1605668706,1
642,226521605,1916081982,4
643,226521605,2375662682,11
644,226521605,2391870344,6
645,226521605,2417189972,6
646,226521605,2427549086,3
647,226521605,2579979278,11
648,226521605,2595966508,9
649,226521605,2993036154,20
650,226521605,3111012179,1
651,226521605,3243259442,2
652,226521605,3292215519,1
653,227339617,16717148,1
654,227339617,17180291,5
655,227339617,25963806,7
656,227339617,33856647,5
657,227339617,52436759,5
658,227339617,55650895,1
659,227339617,68599588,3
660,227339617,87693992,8
661,227339617,89561713,1
662,227339617,108419139,1
663,227339617,118915743,3
664,227339617,125036205,4
665,227339617,142142545,1
666,227339617,142947693,9
667,227339617,206972203,1
668,227339617,226521605,6
669,227339617,245308991,1
670,227339617,305567341,7
671,227339617,382153540,34
672,227339617,438862536,4
673,227339617,531598198,8
674,227339617,621996473,5
675,227339617,822476942,14
676,227339617,955698157,9
677,227339617,1174456664,25
678,227339617,1184640014,29
679,227339617,1383038924,1
680,227339617,1605668706,4
681,227339617,1916081982,9
682,227339617,2375662682,21
683,227339617,2391870344,3
684,227339617,2417189972,7
685,227339617,2427549086,2
686,227339617,2579979278,1
687,227339617,2595966508,20
688,227339617,2650787508,1
689,227339617,2993036154,16
690,227339617,3243259442,4
691,227339617,3266682781,1
692,245308991,17180291,1
693,245308991,25963806,1
694,245308991,52436759,3
695,245308991,227339617,1
696,245308991,305567341,2
697,245308991,382153540,6
698,245308991,531598198,1
699,245308991,621996473,1
700,245308991,734560633,1
701,245308991,955698157,1
702,245308991,2391870344,2
703,245308991,2417189972,2
704,245308991,2427549086,1
705,245308991,2595966508,4
706,245308991,2993036154,4
707,245308991,3111012179,1
708,254744099,76514412,19
709,254744099,89561713,6
710,254744099,128633483,4
711,254744099,185360779,1
712,254744099,199879420,1
713,254744099,305567341,1
714,254744099,319931473,6
715,254744099,531598198,46
716,254744099,621996473,1
717,254744099,636611445,17
718,254744099,822476942,1
719,254744099,1184640014,4
720,254744099,2391870344,1
721,254744099,2650787508,1
722,254744099,2993036154,2
723,305567341,16717148,2
724,305567341,17180291,3
725,305567341,25963806,47
726,305567341,33856647,5
727,305567341,52436759,5
728,305567341,68599588,2
729,305567341,87693992,1
730,305567341,89561713,1
731,305567341,118915743,1
732,305567341,125036205,2
733,305567341,142142545,1
734,305567341,142947693,2
735,305567341,185360779,1
736,305567341,206972203,4
737,305567341,226521605,1
738,305567341,227339617,7
739,305567341,245308991,2
740,305567341,254744099,1
741,305567341,382153540,10
742,305567341,438862536,2
743,305567341,621996473,2
744,305567341,822476942,2
745,305567341,955698157,7
746,305567341,1174456664,25
747,305567341,1184640014,1
748,305567341,1916081982,1
749,305567341,2375662682,12
750,305567341,2391870344,1
751,305567341,2417189972,1
752,305567341,2427549086,5
753,305567341,2470409048,7
754,305567341,2579979278,1
755,305567341,2595966508,6
756,305567341,2650787508,1
757,305567341,2993036154,2
758,319931473,33856647,3
759,319931473,49875978,5
760,319931473,68599588,1
761,319931473,76514412,12
762,319931473,87693992,2
763,319931473,89561713,6
764,319931473,118915743,1
765,319931473,125036205,1
766,319931473,128633483,18
767,319931473,142947693,1
768,319931473,226521605,1
769,319931473,254744099,6
770,319931473,438862536,1
771,319931473,531598198,39
772,319931473,636611445,17
773,319931473,822476942,1
774,319931473,1174456664,1
775,319931473,1184640014,4
776,319931473,1605668706,4
777,319931473,2375662682,2
778,319931473,2391870344,4
779,319931473,2417189972,2
780,319931473,2427549086,2
781,319931473,2595966508,3
782,319931473,2993036154,4
783,319931473,3243259442,1
784,382153540,17180291,16
785,382153540,25963806,7
786,382153540,33856647,3
787,382153540,52436759,26
788,382153540,68599588,3
789,382153540,87693992,9
790,382153540,89561713,4
791,382153540,118915743,3
792,382153540,125036205,11
793,382153540,128633483,1
794,382153540,142947693,1
795,382153540,206972203,12
796,382153540,226521605,11
797,382153540,227339617,34
798,382153540,245308991,6
799,382153540,305567341,10
800,382153540,438862536,22
801,382153540,563613307,2
802,382153540,621996473,5
803,382153540,734560633,5
804,382153540,822476942,6
805,382153540,955698157,66
806,382153540,1174456664,16
807,382153540,1184640014,2
808,382153540,1383038924,1
809,382153540,1605668706,1
810,382153540,1916081982,6
811,382153540,2375662682,7
812,382153540,2417189972,3
813,382153540,2427549086,1
814,382153540,2470409048,4
815,382153540,2579979278,9
816,382153540,2595966508,19
817,382153540,2993036154,21
818,382153540,2997750360,2
819,411485640,621996473,1
820,438862536,14303077,1
821,438862536,15705283,2
822,438862536,16717148,1
823,438862536,17180291,31
824,438862536,25697311,1
825,438862536,25963806,6
826,438862536,33856647,18
827,438862536,37794539,2
828,438862536,49875978,1
829,438862536,52436759,7
830,438862536,55650895,1
831,438862536,68599588,15
832,438862536,87693992,43
833,438862536,89561713,3
834,438862536,118915743,8
835,438862536,125036205,3
836,438862536,142142545,2
837,438862536,142947693,17
838,438862536,199879420,1
839,438862536,206972203,25
840,438862536,226521605,18
841,438862536,227339617,4
842,438862536,305567341,2
843,438862536,319931473,1
844,438862536,382153540,22
845,438862536,531598198,15
846,438862536,611937922,1
847,438862536,621996473,30
848,438862536,636611445,3
849,438862536,734560633,1
850,438862536,822476942,19
851,438862536,955698157,52
852,438862536,1174456664,4
853,438862536,1184640014,14
854,438862536,1383038924,3
855,438862536,1605668706,6
856,438862536,1916081982,7
857,438862536,2149562384,2
858,438862536,2375662682,14
859,438862536,2391870344,41
860,438862536,2417189972,10
861,438862536,2427549086,4
862,438862536,2470409048,4
863,438862536,2579979278,19
864,438862536,2595966508,24
865,438862536,2650787508,2
866,438862536,2993036154,38
867,438862536,2997750360,7
868,438862536,3111012179,4
869,438862536,3243259442,3
870,438862536,3292215519,1
871,531598198,14303077,3
872,531598198,25697311,1
873,531598198,25963806,4
874,531598198,33856647,9
875,531598198,37794539,2
876,531598198,49875978,2
877,531598198,52436759,1
878,531598198,68599588,4
879,531598198,76514412,195
880,531598198,87693992,17
881,531598198,89561713,42
882,531598198,118915743,4
883,531598198,125036205,3
884,531598198,128633483,35
885,531598198,142142545,1
886,531598198,142947693,8
887,531598198,199879420,4
888,531598198,206972203,5
889,531598198,226521605,6
890,531598198,227339617,8
891,531598198,245308991,1
892,531598198,254744099,46
893,531598198,319931473,39
894,531598198,438862536,15
895,531598198,621996473,21
896,531598198,636611445,225
897,531598198,822476942,30
898,531598198,955698157,2
899,531598198,1174456664,3
900,531598198,1184640014,73
901,531598198,1605668706,8
902,531598198,1916081982,15
903,531598198,2375662682,14
904,531598198,2391870344,28
905,531598198,2417189972,8
906,531598198,2427549086,1
907,531598198,2579979278,2
908,531598198,2595966508,17
909,531598198,2993036154,9
910,531598198,2997750360,2
911,531598198,3243259442,2
912,563613307,52436759,1
913,563613307,125036205,1
914,563613307,382153540,2
915,563613307,955698157,4
916,563613307,1174456664,1
917,563613307,2375662682,2
918,563613307,2417189972,3
919,611937922,76514412,1
920,611937922,87693992,2
921,611937922,438862536,1
922,611937922,822476942,1
923,611937922,1184640014,1
924,611937922,1916081982,1
925,611937922,2391870344,12
926,611937922,2993036154,2
927,621996473,17180291,5
928,621996473,25963806,3
929,621996473,33856647,5
930,621996473,37794539,3
931,621996473,49875978,1
932,621996473,52436759,6
933,621996473,68599588,6
934,621996473,76514412,2
935,621996473,87693992,40
936,621996473,89561713,1
937,621996473,118915743,6
938,621996473,125036205,2
939,621996473,142947693,15
940,621996473,206972203,3
941,621996473,226521605,3
942,621996473,227339617,5
943,621996473,245308991,1
944,621996473,254744099,1
945,621996473,305567341,2
946,621996473,382153540,5
947,621996473,411485640,1
948,621996473,438862536,30
949,621996473,531598198,21
950,621996473,636611445,4
951,621996473,822476942,33
952,621996473,955698157,7
953,621996473,1174456664,1
954,621996473,1184640014,83
955,621996473,1383038924,1
956,621996473,1605668706,8
957,621996473,1916081982,69
958,621996473,2149562384,3
959,621996473,2232982311,1
960,621996473,2375662682,14
961,621996473,2391870344,63
962,621996473,2417189972,13
963,621996473,2427549086,3
964,621996473,2579979278,9
965,621996473,2595966508,10
966,621996473,2650787508,1
967,621996473,2993036154,17
968,621996473,2997750360,8
969,621996473,3111012179,1
970,621996473,3243259442,7
971,621996473,3266682781,1
972,636611445,52436759,1
973,636611445,68599588,3
974,636611445,76514412,51
975,636611445,87693992,11
976,636611445,89561713,22
977,636611445,118915743,1
978,636611445,128633483,17
979,636611445,185360779,1
980,636611445,199879420,2
981,636611445,226521605,2
982,636611445,254744099,17
983,636611445,319931473,17
984,636611445,438862536,3
985,636611445,531598198,225
986,636611445,621996473,4
987,636611445,822476942,10
988,636611445,1184640014,25
989,636611445,1605668706,2
990,636611445,1916081982,5
991,636611445,2375662682,5
992,636611445,2391870344,15
993,636611445,2417189972,2
994,636611445,2579979278,2
995,636611445,2595966508,5
996,636611445,2993036154,3
997,636611445,2997750360,2
998,734560633,52436759,1
999,734560633,245308991,1
1000,734560633,382153540,5
1001,734560633,438862536,1
1002,734560633,2595966508,2
1003,822476942,14303077,1
1004,822476942,16717148,4
1005,822476942,17180291,7
1006,822476942,25963806,95
1007,822476942,33856647,6
1008,822476942,37794539,2
1009,822476942,52436759,2
1010,822476942,68599588,4
1011,822476942,76514412,3
1012,822476942,87693992,39
1013,822476942,89561713,5
1014,822476942,108419139,2
1015,822476942,118915743,3
1016,822476942,125036205,1
1017,822476942,128633483,2
1018,822476942,142947693,46
1019,822476942,206972203,2
1020,822476942,226521605,13
1021,822476942,227339617,14
1022,822476942,254744099,1
1023,822476942,305567341,2
1024,822476942,319931473,1
1025,822476942,382153540,6
1026,822476942,438862536,19
1027,822476942,531598198,30
1028,822476942,611937922,1
1029,822476942,621996473,33
1030,822476942,636611445,10
1031,822476942,955698157,14
1032,822476942,1174456664,5
1033,822476942,1184640014,64
1034,822476942,1383038924,5
1035,822476942,1605668706,8
1036,822476942,1916081982,24
1037,822476942,2149562384,1
1038,822476942,2232982311,3
1039,822476942,2375662682,29
1040,822476942,2391870344,64
1041,822476942,2417189972,7
1042,822476942,2427549086,4
1043,822476942,2470409048,2
1044,822476942,2579979278,282
1045,822476942,2595966508,32
1046,822476942,2650787508,1
1047,822476942,2931714486,17
1048,822476942,2993036154,37
1049,822476942,2997750360,108
1050,822476942,3105073274,2
1051,822476942,3243259442,16
1052,955698157,17180291,42
1053,955698157,25697311,1
1054,955698157,25963806,10
1055,955698157,33856647,16
1056,955698157,49875978,1
1057,955698157,52436759,12
1058,955698157,68599588,2
1059,955698157,87693992,9
1060,955698157,118915743,3
1061,955698157,125036205,3
1062,955698157,142947693,10
1063,955698157,206972203,20
1064,955698157,226521605,18
1065,955698157,227339617,9
1066,955698157,245308991,1
1067,955698157,305567341,7
1068,955698157,382153540,66
1069,955698157,438862536,52
1070,955698157,531598198,2
1071,955698157,563613307,4
1072,955698157,621996473,7
1073,955698157,822476942,14
1074,955698157,1174456664,10
1075,955698157,1383038924,3
1076,955698157,1916081982,2
1077,955698157,2375662682,10
1078,955698157,2391870344,10
1079,955698157,2417189972,1
1080,955698157,2427549086,1
1081,955698157,2470409048,7
1082,955698157,2579979278,9
1083,955698157,2595966508,4
1084,955698157,2993036154,37
1085,955698157,2997750360,3
1086,955698157,3292215519,1
1087,1174456664,14303077,1
1088,1174456664,16717148,1
1089,1174456664,17180291,2
1090,1174456664,25963806,5
1091,1174456664,33856647,3
1092,1174456664,52436759,6
1093,1174456664,55650895,1
1094,1174456664,87693992,3
1095,1174456664,89561713,1
1096,1174456664,125036205,6
1097,1174456664,128633483,1
1098,1174456664,142142545,4
1099,1174456664,142947693,4
1100,1174456664,206972203,3
1101,1174456664,226521605,2
1102,1174456664,227339617,25
1103,1174456664,305567341,25
1104,1174456664,319931473,1
1105,1174456664,382153540,16
1106,1174456664,438862536,4
1107,1174456664,531598198,3
1108,1174456664,563613307,1
1109,1174456664,621996473,1
1110,1174456664,822476942,5
1111,1174456664,955698157,10
1112,1174456664,1184640014,2
1113,1174456664,1916081982,4
1114,1174456664,2375662682,10
1115,1174456664,2391870344,2
1116,1174456664,2417189972,4
1117,1174456664,2427549086,4
1118,1174456664,2470409048,1
1119,1174456664,2579979278,1
1120,1174456664,2595966508,5
1121,1174456664,2993036154,7
1122,1174456664,2997750360,1
1123,1174456664,3243259442,2
1124,1184640014,14303077,1
1125,1184640014,16717148,2
1126,1184640014,17180291,3
1127,1184640014,25963806,4
1128,1184640014,33856647,9
1129,1184640014,37794539,1
1130,1184640014,52436759,2
1131,1184640014,55650895,1
1132,1184640014,68599588,3
1133,1184640014,76514412,9
1134,1184640014,87693992,51
1135,1184640014,89561713,6
1136,1184640014,118915743,5
1137,1184640014,125036205,8
1138,1184640014,128633483,1
1139,1184640014,142142545,1
1140,1184640014,142947693,21
1141,1184640014,185360779,1
1142,1184640014,206972203,6
1143,1184640014,226521605,4
1144,1184640014,227339617,29
1145,1184640014,254744099,4
1146,1184640014,305567341,1
1147,1184640014,319931473,4
1148,1184640014,382153540,2
1149,1184640014,438862536,14
1150,1184640014,531598198,73
1151,1184640014,611937922,1
1152,1184640014,621996473,83
1153,1184640014,636611445,25
1154,1184640014,822476942,64
1155,1184640014,1174456664,2
1156,1184640014,1383038924,1
1157,1184640014,1605668706,9
1158,1184640014,1916081982,57
1159,1184640014,2232982311,17
1160,1184640014,2375662682,72
1161,1184640014,2391870344,24
1162,1184640014,2417189972,18
1163,1184640014,2427549086,11
1164,1184640014,2579979278,3
1165,1184640014,2595966508,46
1166,1184640014,2650787508,1
1167,1184640014,2993036154,30
1168,1184640014,2997750360,4
1169,1184640014,3105073274,1
1170,1184640014,3243259442,26
1171,1383038924,16717148,2
1172,1383038924,25697311,1
1173,1383038924,25963806,5
1174,1383038924,33856647,1
1175,1383038924,68599588,3
1176,1383038924,87693992,1
1177,1383038924,89561713,2
1178,1383038924,108419139,1
1179,1383038924,118915743,1
1180,1383038924,125036205,1
1181,1383038924,142947693,2
1182,1383038924,206972203,2
1183,1383038924,226521605,5
1184,1383038924,227339617,1
1185,1383038924,382153540,1
1186,1383038924,438862536,3
1187,1383038924,621996473,1
1188,1383038924,822476942,5
1189,1383038924,955698157,3
1190,1383038924,1184640014,1
1191,1383038924,2391870344,1
1192,1383038924,2417189972,1
1193,1383038924,2470409048,1
1194,1383038924,2579979278,9
1195,1383038924,2595966508,1
1196,1383038924,2993036154,1
1197,1383038924,2997750360,1
1198,1605668706,15705283,1
1199,1605668706,16717148,1
1200,1605668706,17180291,3
1201,1605668706,25697311,1
1202,1605668706,25963806,1
1203,1605668706,33856647,3
1204,1605668706,52436759,1
1205,1605668706,68599588,1
1206,1605668706,87693992,15
1207,1605668706,89561713,1
1208,1605668706,118915743,2
1209,1605668706,125036205,2
1210,1605668706,142142545,1
1211,1605668706,142947693,4
1212,1605668706,185360779,1
1213,1605668706,206972203,1
1214,1605668706,226521605,1
1215,1605668706,227339617,4
1216,1605668706,319931473,4
1217,1605668706,382153540,1
1218,1605668706,438862536,6
1219,1605668706,531598198,8
1220,1605668706,621996473,8
1221,1605668706,636611445,2
1222,1605668706,822476942,8
1223,1605668706,1184640014,9
1224,1605668706,1916081982,3
1225,1605668706,2149562384,1
1226,1605668706,2375662682,11
1227,1605668706,2391870344,9
1228,1605668706,2417189972,7
1229,1605668706,2427549086,1
1230,1605668706,2470409048,1
1231,1605668706,2579979278,3
1232,1605668706,2595966508,10
1233,1605668706,2650787508,1
1234,1605668706,2993036154,5
1235,1605668706,2997750360,3
1236,1605668706,3111012179,2
1237,1605668706,3243259442,2
1238,1916081982,15705283,1
1239,1916081982,17180291,3
1240,1916081982,25697311,1
1241,1916081982,25963806,5
1242,1916081982,33856647,2
1243,1916081982,68599588,4
1244,1916081982,76514412,1
1245,1916081982,87693992,13
1246,1916081982,89561713,2
1247,1916081982,108419139,1
1248,1916081982,118915743,2
1249,1916081982,125036205,1
1250,1916081982,142142545,1
1251,1916081982,142947693,10
1252,1916081982,206972203,5
1253,1916081982,226521605,4
1254,1916081982,227339617,9
1255,1916081982,305567341,1
1256,1916081982,382153540,6
1257,1916081982,438862536,7
1258,1916081982,531598198,15
1259,1916081982,611937922,1
1260,1916081982,621996473,69
1261,1916081982,636611445,5
1262,1916081982,822476942,24
1263,1916081982,955698157,2
1264,1916081982,1174456664,4
1265,1916081982,1184640014,57
1266,1916081982,1605668706,3
1267,1916081982,2149562384,1
1268,1916081982,2232982311,3
1269,1916081982,2375662682,17
1270,1916081982,2391870344,4
1271,1916081982,2417189972,7
1272,1916081982,2427549086,2
1273,1916081982,2579979278,2
1274,1916081982,2595966508,13
1275,1916081982,2993036154,11
1276,1916081982,2997750360,5
1277,1916081982,3243259442,9
1278,2149562384,37794539,1
1279,2149562384,52436759,2
1280,2149562384,206972203,1
1281,2149562384,438862536,2
1282,2149562384,621996473,3
1283,2149562384,822476942,1
1284,2149562384,1605668706,1
1285,2149562384,1916081982,1
1286,2149562384,2391870344,1
1287,2149562384,2579979278,1
1288,2149562384,2595966508,2
1289,2149562384,2997750360,1
1290,2232982311,87693992,2
1291,2232982311,118915743,1
1292,2232982311,142947693,1
1293,2232982311,621996473,1
1294,2232982311,822476942,3
1295,2232982311,1184640014,17
1296,2232982311,1916081982,3
1297,2232982311,2375662682,6
1298,2232982311,2391870344,3
1299,2232982311,2417189972,1
1300,2232982311,2595966508,3
1301,2232982311,2993036154,2
1302,2232982311,3243259442,3
1303,2375662682,14303077,1
1304,2375662682,17180291,6
1305,2375662682,25963806,7
1306,2375662682,33856647,19
1307,2375662682,52436759,1
1308,2375662682,68599588,3
1309,2375662682,87693992,27
1310,2375662682,89561713,4
1311,2375662682,118915743,8
1312,2375662682,125036205,3
1313,2375662682,128633483,1
1314,2375662682,142142545,1
1315,2375662682,142947693,15
1316,2375662682,185360779,2
1317,2375662682,206972203,6
1318,2375662682,226521605,11
1319,2375662682,227339617,21
1320,2375662682,305567341,12
1321,2375662682,319931473,2
1322,2375662682,382153540,7
1323,2375662682,438862536,14
1324,2375662682,531598198,14
1325,2375662682,563613307,2
1326,2375662682,621996473,14
1327,2375662682,636611445,5
1328,2375662682,822476942,29
1329,2375662682,955698157,10
1330,2375662682,1174456664,10
1331,2375662682,1184640014,72
1332,2375662682,1605668706,11
1333,2375662682,1916081982,17
1334,2375662682,2232982311,6
1335,2375662682,2391870344,8
1336,2375662682,2417189972,22
1337,2375662682,2427549086,7
1338,2375662682,2470409048,4
1339,2375662682,2579979278,3
1340,2375662682,2595966508,42
1341,2375662682,2993036154,34
1342,2375662682,2997750360,1
1343,2375662682,3243259442,8
1344,2391870344,17180291,6
1345,2391870344,25963806,5
1346,2391870344,33856647,3
1347,2391870344,37794539,18
1348,2391870344,49875978,1
1349,2391870344,52436759,10
1350,2391870344,68599588,8
1351,2391870344,76514412,8
1352,2391870344,87693992,70
1353,2391870344,89561713,6
1354,2391870344,118915743,14
1355,2391870344,125036205,2
1356,2391870344,128633483,2
1357,2391870344,142142545,1
1358,2391870344,142947693,11
1359,2391870344,206972203,28
1360,2391870344,226521605,6
1361,2391870344,227339617,3
1362,2391870344,245308991,2
1363,2391870344,254744099,1
1364,2391870344,305567341,1
1365,2391870344,319931473,4
1366,2391870344,438862536,41
1367,2391870344,531598198,28
1368,2391870344,611937922,12
1369,2391870344,621996473,63
1370,2391870344,636611445,15
1371,2391870344,822476942,64
1372,2391870344,955698157,10
1373,2391870344,1174456664,2
1374,2391870344,1184640014,24
1375,2391870344,1383038924,1
1376,2391870344,1605668706,9
1377,2391870344,1916081982,4
1378,2391870344,2149562384,1
1379,2391870344,2232982311,3
1380,2391870344,2375662682,8
1381,2391870344,2417189972,7
1382,2391870344,2427549086,2
1383,2391870344,2470409048,1
1384,2391870344,2579979278,20
1385,2391870344,2595966508,23
1386,2391870344,2650787508,2
1387,2391870344,2931714486,1
1388,2391870344,2993036154,39
1389,2391870344,2997750360,17
1390,2391870344,3111012179,5
1391,2391870344,3243259442,13
1392,2417189972,14303077,1
1393,2417189972,16717148,1
1394,2417189972,17180291,4
1395,2417189972,33856647,8
1396,2417189972,37794539,2
1397,2417189972,52436759,6
1398,2417189972,55650895,1
1399,2417189972,68599588,9
1400,2417189972,76514412,1
1401,2417189972,87693992,15
1402,2417189972,89561713,6
1403,2417189972,118915743,3
1404,2417189972,125036205,4
1405,2417189972,142142545,1
1406,2417189972,142947693,7
1407,2417189972,185360779,1
1408,2417189972,206972203,4
1409,2417189972,226521605,6
1410,2417189972,227339617,7
1411,2417189972,245308991,2
1412,2417189972,305567341,1
1413,2417189972,319931473,2
1414,2417189972,382153540,3
1415,2417189972,438862536,10
1416,2417189972,531598198,8
1417,2417189972,563613307,3
1418,2417189972,621996473,13
1419,2417189972,636611445,2
1420,2417189972,822476942,7
1421,2417189972,955698157,1
1422,2417189972,1174456664,4
1423,2417189972,1184640014,18
1424,2417189972,1383038924,1
1425,2417189972,1605668706,7
1426,2417189972,1916081982,7
1427,2417189972,2232982311,1
1428,2417189972,2375662682,22
1429,2417189972,2391870344,7
1430,2417189972,2427549086,4
1431,2417189972,2579979278,4
1432,2417189972,2595966508,23
1433,2417189972,2650787508,3
1434,2417189972,2993036154,9
1435,2417189972,2997750360,2
1436,2417189972,3111012179,2
1437,2417189972,3243259442,4
1438,2427549086,14303077,1
1439,2427549086,25963806,2
1440,2427549086,33856647,2
1441,2427549086,52436759,2
1442,2427549086,68599588,1
1443,2427549086,76514412,3
1444,2427549086,87693992,2
1445,2427549086,142142545,1
1446,2427549086,142947693,3
1447,2427549086,226521605,3
1448,2427549086,227339617,2
1449,2427549086,245308991,1
1450,2427549086,305567341,5
1451,2427549086,319931473,2
1452,2427549086,382153540,1
1453,2427549086,438862536,4
1454,2427549086,531598198,1
1455,2427549086,621996473,3
1456,2427549086,822476942,4
1457,2427549086,955698157,1
1458,2427549086,1174456664,4
1459,2427549086,1184640014,11
1460,2427549086,1605668706,1
1461,2427549086,1916081982,2
1462,2427549086,2375662682,7
1463,2427549086,2391870344,2
1464,2427549086,2417189972,4
1465,2427549086,2579979278,1
1466,2427549086,2595966508,2
1467,2427549086,2650787508,1
1468,2427549086,2993036154,4
1469,2427549086,2997750360,1
1470,2427549086,3243259442,2
1471,2470409048,17180291,2
1472,2470409048,25963806,4
1473,2470409048,33856647,4
1474,2470409048,52436759,1
1475,2470409048,68599588,1
1476,2470409048,118915743,1
1477,2470409048,125036205,1
1478,2470409048,206972203,1
1479,2470409048,305567341,7
1480,2470409048,382153540,4
1481,2470409048,438862536,4
1482,2470409048,822476942,2
1483,2470409048,955698157,7
1484,2470409048,1174456664,1
1485,2470409048,1383038924,1
1486,2470409048,1605668706,1
1487,2470409048,2375662682,4
1488,2470409048,2391870344,1
1489,2470409048,2595966508,2
1490,2470409048,2931714486,2
1491,2470409048,2993036154,1
1492,2470409048,2997750360,1
1493,2470409048,3111012179,1
1494,2579979278,16717148,3
1495,2579979278,17180291,8
1496,2579979278,25963806,60
1497,2579979278,33856647,7
1498,2579979278,52436759,7
1499,2579979278,68599588,1
1500,2579979278,76514412,1
1501,2579979278,87693992,6
1502,2579979278,89561713,2
1503,2579979278,108419139,4
1504,2579979278,118915743,3
1505,2579979278,128633483,3
1506,2579979278,142947693,16
1507,2579979278,206972203,3
1508,2579979278,226521605,11
1509,2579979278,227339617,1
1510,2579979278,305567341,1
1511,2579979278,382153540,9
1512,2579979278,438862536,19
1513,2579979278,531598198,2
1514,2579979278,621996473,9
1515,2579979278,636611445,2
1516,2579979278,822476942,282
1517,2579979278,955698157,9
1518,2579979278,1174456664,1
1519,2579979278,1184640014,3
1520,2579979278,1383038924,9
1521,2579979278,1605668706,3
1522,2579979278,1916081982,2
1523,2579979278,2149562384,1
1524,2579979278,2375662682,3
1525,2579979278,2391870344,20
1526,2579979278,2417189972,4
1527,2579979278,2427549086,1
1528,2579979278,2595966508,11
1529,2579979278,2931714486,10
1530,2579979278,2993036154,8
1531,2579979278,2997750360,70
1532,2579979278,3111012179,1
1533,2595966508,16717148,6
1534,2595966508,17180291,29
1535,2595966508,25963806,12
1536,2595966508,33856647,19
1537,2595966508,37794539,3
1538,2595966508,52436759,25
1539,2595966508,68599588,5
1540,2595966508,76514412,2
1541,2595966508,87693992,34
1542,2595966508,89561713,6
1543,2595966508,118915743,8
1544,2595966508,125036205,15
1545,2595966508,128633483,2
1546,2595966508,142947693,20
1547,2595966508,185360779,1
1548,2595966508,206972203,5
1549,2595966508,226521605,9
1550,2595966508,227339617,20
1551,2595966508,245308991,4
1552,2595966508,305567341,6
1553,2595966508,319931473,3
1554,2595966508,382153540,19
1555,2595966508,438862536,24
1556,2595966508,531598198,17
1557,2595966508,621996473,10
1558,2595966508,636611445,5
1559,2595966508,734560633,2
1560,2595966508,822476942,32
1561,2595966508,955698157,4
1562,2595966508,1174456664,5
1563,2595966508,1184640014,46
1564,2595966508,1383038924,1
1565,2595966508,1605668706,10
1566,2595966508,1916081982,13
1567,2595966508,2149562384,2
1568,2595966508,2232982311,3
1569,2595966508,2375662682,42
1570,2595966508,2391870344,23
1571,2595966508,2417189972,23
1572,2595966508,2427549086,2
1573,2595966508,2470409048,2
1574,2595966508,2579979278,11
1575,2595966508,2650787508,1
1576,2595966508,2931714486,1
1577,2595966508,2993036154,32
1578,2595966508,2997750360,9
1579,2595966508,3243259442,10
1580,2650787508,37794539,1
1581,2650787508,49875978,1
1582,2650787508,68599588,1
1583,2650787508,76514412,1
1584,2650787508,185360779,1
1585,2650787508,206972203,1
1586,2650787508,227339617,1
1587,2650787508,254744099,1
1588,2650787508,305567341,1
1589,2650787508,438862536,2
1590,2650787508,621996473,1
1591,2650787508,822476942,1
1592,2650787508,1184640014,1
1593,2650787508,1605668706,1
1594,2650787508,2391870344,2
1595,2650787508,2417189972,3
1596,2650787508,2427549086,1
1597,2650787508,2595966508,1
1598,2931714486,16717148,1
1599,2931714486,17180291,1
1600,2931714486,25963806,2
1601,2931714486,108419139,1
1602,2931714486,142947693,2
1603,2931714486,206972203,1
1604,2931714486,822476942,17
1605,2931714486,2391870344,1
1606,2931714486,2470409048,2
1607,2931714486,2579979278,10
1608,2931714486,2595966508,1
1609,2931714486,2997750360,4
1610,2993036154,15705283,1
1611,2993036154,16717148,1
1612,2993036154,17180291,33
1613,2993036154,25963806,6
1614,2993036154,33856647,15
1615,2993036154,52436759,7
1616,2993036154,68599588,5
1617,2993036154,76514412,2
1618,2993036154,87693992,34
1619,2993036154,89561713,5
1620,2993036154,108419139,1
1621,2993036154,118915743,10
1622,2993036154,125036205,4
1623,2993036154,142947693,33
1624,2993036154,206972203,14
1625,2993036154,226521605,20
1626,2993036154,227339617,16
1627,2993036154,245308991,4
1628,2993036154,254744099,2
1629,2993036154,305567341,2
1630,2993036154,319931473,4
1631,2993036154,382153540,21
1632,2993036154,438862536,38
1633,2993036154,531598198,9
1634,2993036154,611937922,2
1635,2993036154,621996473,17
1636,2993036154,636611445,3
1637,2993036154,822476942,37
1638,2993036154,955698157,37
1639,2993036154,1174456664,7
1640,2993036154,1184640014,30
1641,2993036154,1383038924,1
1642,2993036154,1605668706,5
1643,2993036154,1916081982,11
1644,2993036154,2232982311,2
1645,2993036154,2375662682,34
1646,2993036154,2391870344,39
1647,2993036154,2417189972,9
1648,2993036154,2427549086,4
1649,2993036154,2470409048,1
1650,2993036154,2579979278,8
1651,2993036154,2595966508,32
1652,2993036154,2997750360,3
1653,2993036154,3111012179,2
1654,2993036154,3243259442,13
1655,2993036154,3292215519,1
1656,2997750360,17180291,2
1657,2997750360,25963806,22
1658,2997750360,33856647,2
1659,2997750360,68599588,2
1660,2997750360,87693992,10
1661,2997750360,89561713,1
1662,2997750360,108419139,1
1663,2997750360,118915743,1
1664,2997750360,142947693,3
1665,2997750360,199879420,1
1666,2997750360,382153540,2
1667,2997750360,438862536,7
1668,2997750360,531598198,2
1669,2997750360,621996473,8
1670,2997750360,636611445,2
1671,2997750360,822476942,108
1672,2997750360,955698157,3
1673,2997750360,1174456664,1
1674,2997750360,1184640014,4
1675,2997750360,1383038924,1
1676,2997750360,1605668706,3
1677,2997750360,1916081982,5
1678,2997750360,2149562384,1
1679,2997750360,2375662682,1
1680,2997750360,2391870344,17
1681,2997750360,2417189972,2
1682,2997750360,2427549086,1
1683,2997750360,2470409048,1
1684,2997750360,2579979278,70
1685,2997750360,2595966508,9
1686,2997750360,2931714486,4
1687,2997750360,2993036154,3
1688,2997750360,3243259442,1
1689,3105073274,822476942,2
1690,3105073274,1184640014,1
1691,3111012179,17180291,1
1692,3111012179,25963806,1
1693,3111012179,33856647,1
1694,3111012179,52436759,1
1695,3111012179,68599588,1
1696,3111012179,87693992,2
1697,3111012179,118915743,2
1698,3111012179,142947693,1
1699,3111012179,206972203,1
1700,3111012179,226521605,1
1701,3111012179,245308991,1
1702,3111012179,438862536,4
1703,3111012179,621996473,1
1704,3111012179,1605668706,2
1705,3111012179,2391870344,5
1706,3111012179,2417189972,2
1707,3111012179,2470409048,1
1708,3111012179,2579979278,1
1709,3111012179,2993036154,2
1710,3111012179,3243259442,1
1711,3243259442,33856647,1
1712,3243259442,52436759,2
1713,3243259442,76514412,1
1714,3243259442,87693992,9
1715,3243259442,118915743,1
1716,3243259442,142142545,1
1717,3243259442,142947693,3
1718,3243259442,226521605,2
1719,3243259442,227339617,4
1720,3243259442,319931473,1
1721,3243259442,438862536,3
1722,3243259442,531598198,2
1723,3243259442,621996473,7
1724,3243259442,822476942,16
1725,3243259442,1174456664,2
1726,3243259442,1184640014,26
1727,3243259442,1605668706,2
1728,3243259442,1916081982,9
1729,3243259442,2232982311,3
1730,3243259442,2375662682,8
1731,3243259442,2391870344,13
1732,3243259442,2417189972,4
1733,3243259442,2427549086,2
1734,3243259442,2595966508,10
1735,3243259442,2993036154,13
1736,3243259442,2997750360,1
1737,3243259442,3111012179,1
1738,3266682781,227339617,1
1739,3266682781,621996473,1
1740,3292215519,17180291,1
1741,3292215519,142947693,1
1742,3292215519,226521605,1
1743,3292215519,438862536,1
1744,3292215519,955698157,1
1745,3292215519,2993036154,1
